Scheduler,Avg Wait (ms),Max Wait (ms),Avg Exec (ms),Avg Turnaround (ms),Makespan (ms),Throughput (gates/s),GPU Util (%),circuit,batch,Jain's,Avg Slowdown,Max Slowdown,Wtd Slowdown
FIFO (batch blocking),0.1063,0.3983,0.0178,0.1241,2.3563,76672.2344,15.2677,c432,512,,,,
fanin_priority (batch blocking),0.1122,0.4045,0.0176,0.1298,2.4601,74164.7812,14.9209,c432,512,,,,
DependencyAware (batch blocking),0.151,0.4427,0.0176,0.1686,2.7082,66764.5,13.5484,c432,512,,,,
SJF (batch blocking),0.1098,0.4055,0.0173,0.127,2.377,75653.3438,14.7666,c432,512,,,,
FIFO (single-gate non-blocking),0.1993,0.6095,0.0305,0.2298,3.156,57347.5391,80.4979,c432,512,,,,
fanin_priority (single-gate non-blocking),0.2002,1.1279,0.0303,0.2305,3.1133,57739.5859,80.1038,c432,512,,,,
DependencyAware (single-gate non-blocking),0.266,0.9131,0.0331,0.2991,3.4755,51352.7539,79.4457,c432,512,,,,
SJF (single-gate non-blocking),0.1769,0.8606,0.0273,0.2043,2.9015,61030.7578,79.3694,c432,512,,,,
FIFO (batch non-blocking),0.1021,0.3965,0.0202,0.1223,2.3266,76714,17.1836,c432,512,,,,
fanin_priority (batch non-blocking),0.1006,0.3896,0.0217,0.1224,2.3124,76667.7422,17.2257,c432,512,,,,
DependencyAware (batch non-blocking),0.0977,0.3757,0.0609,0.1586,2.5376,69904.6953,26.59,c432,512,,,,
SJF (batch non-blocking),0.0976,0.3796,0.0213,0.1189,2.2505,78742.2891,17.3784,c432,512,,,,
level-level task execution,0.0091,0.0139,0.0155,0.0246,0.1997,900951,62.0258,c432,512,,,,
FIFO (batch blocking),1.7356,5.6827,0.026,1.7615,31.3206,23743.2305,1.6556,imbalanced_2,512,0.9943,68.3739,176.3709,132.9291
fanin_priority (batch blocking),1.7534,5.7781,0.0258,1.7792,31.4358,23707.002,1.6257,imbalanced_2,512,0.9941,69.2418,176.12,134.8302
DependencyAware (batch blocking),2.2863,6.6098,0.0264,2.3127,35.7809,20742.0742,1.4996,imbalanced_2,512,0.9951,86.7027,211.6262,158.114
SJF (batch blocking),1.7851,5.8324,0.028,1.8131,32.2386,23019.3359,1.7559,imbalanced_2,512,0.994,66.3202,170.994,129.1142
FIFO (single-gate non-blocking),2.2267,6.6152,0.0757,2.3023,34.5501,21525.4492,77.7381,imbalanced_2,512,0.9971,52.258,376.6873,87.172
fanin_priority (single-gate non-blocking),1.5595,27.3744,0.0752,1.6346,34.3342,21615.0586,77.6905,imbalanced_2,512,0.9903,21.3527,328.0126,27.6861
DependencyAware (single-gate non-blocking),4.2088,28.7557,0.0944,4.3032,43.6202,16961.4121,77.0557,imbalanced_2,512,1,50.3281,497.7192,76.6402
SJF (single-gate non-blocking),1.6256,12.0148,0.0751,1.7007,34.3122,21619.252,77.6926,imbalanced_2,512,0.9702,34.8039,581.1821,56.676
FIFO (batch non-blocking),1.6781,5.4667,0.0335,1.7115,30.7467,24108.5215,1.9916,imbalanced_2,512,0.994,58.2174,146.4113,114.0196
fanin_priority (batch non-blocking),1.6699,5.5963,0.0487,1.7187,30.2509,24402.0508,2.4405,imbalanced_2,512,0.9942,41.3581,99.3494,82.1341
DependencyAware (batch non-blocking),1.7569,6.1015,0.5809,2.3378,35.4579,20931.2148,14.0389,imbalanced_2,512,0.9956,10.2707,62.1898,21.2906
SJF (batch non-blocking),1.6626,5.5312,0.0467,1.7094,30.1883,24496.6094,2.431,imbalanced_2,512,0.9942,41.9405,99.4555,83.0283
level-level task execution,0.0348,0.0642,0.0238,0.0586,0.4356,1719050,68.0286,imbalanced_2,512,0.9945,2.8434,5.2621,5.275
FIFO (batch blocking),4.4015,9.3851,0.0281,4.4296,83.2547,14381.4346,0.8413,balanced_1,512,0.9944,158.2067,344.9499,338.144
fanin_priority (batch blocking),4.4709,9.8206,0.0272,4.4981,84.8084,14189.2686,0.8265,balanced_1,512,0.9944,165.6542,349.3972,350.9826
DependencyAware (batch blocking),5.2282,10.5562,0.0279,5.2561,93.7374,12883.7949,0.7167,balanced_1,512,0.9954,186.6745,369.3524,390.777
SJF (batch blocking),4.4792,9.4877,0.0265,4.5056,85.1087,14167.2217,0.8009,balanced_1,512,0.9944,171.7259,369.0504,365.9296
FIFO (single-gate non-blocking),5.1174,12.1652,0.1218,5.2392,92.229,13016.5713,76.8251,balanced_1,512,0.9965,97.9757,668.0798,191.4115
fanin_priority (single-gate non-blocking),2.3353,69.6959,0.1207,2.456,91.6451,13080.5664,76.7228,balanced_1,512,0.9869,25.2325,841.1123,39.4765
DependencyAware (single-gate non-blocking),10.9585,90.1486,0.1483,11.1067,113.3973,10565.8525,76.2961,balanced_1,512,1,82.2821,522.3627,159.3431
SJF (single-gate non-blocking),4.0118,52.6161,0.1173,4.1291,89.2031,13448.2549,76.6625,balanced_1,512,0.9652,61.3742,2789.1548,136.1155
FIFO (batch non-blocking),4.3995,9.647,0.0337,4.4332,83.9474,14330.9951,0.9562,balanced_1,512,0.9943,135.2982,284.0467,289.3218
fanin_priority (batch non-blocking),4.4782,9.5708,0.0594,4.5375,85.0609,14147.7363,1.3705,balanced_1,512,0.9947,80.3344,170.986,172.9053
DependencyAware (batch non-blocking),4.4989,9.7882,0.7965,5.2954,94.7063,12757.1182,10.6639,balanced_1,512,0.9954,12.9275,90.6446,28.5559
SJF (batch non-blocking),4.5522,9.8722,0.0625,4.6147,86.7802,13942.4404,1.4029,balanced_1,512,0.9946,77.7841,172.9668,167.5892
level-level task execution,0.0389,0.0561,0.0215,0.0604,0.4525,2671131.75,68.5011,balanced_1,512,0.9986,3.2355,4.7369,6.6693
FIFO (batch blocking),0.3402,1.2598,0.0221,0.3623,6.2998,49986.4375,7.6224,c880,32,,,,
fanin_priority (batch blocking),0.3804,1.9485,0.0222,0.4026,6.6072,48220.6758,7.1297,c880,32,,,,
DependencyAware (batch blocking),0.4939,1.5937,0.0231,0.5169,7.4767,42393.8828,6.6861,c880,32,,,,
SJF (batch blocking),0.3407,1.9239,0.0226,0.3632,6.4683,48484.2734,7.8902,c880,32,,,,
FIFO (single-gate non-blocking),0.4768,1.4459,0.0455,0.5223,8.2426,39173.9805,80.3613,c880,32,,,,
fanin_priority (single-gate non-blocking),0.5365,4.6459,0.0471,0.5836,8.9508,38361.1523,79.7195,c880,32,,,,
DependencyAware (single-gate non-blocking),1.0845,7.0485,0.0548,1.1394,10.0372,31272.4844,79.3256,c880,32,,,,
SJF (single-gate non-blocking),0.3803,2.2017,0.044,0.4243,7.9909,39566.6914,79.8172,c880,32,,,,
FIFO (batch non-blocking),0.268,1.0862,0.0864,0.3544,5.9985,52219.7031,27.6499,c880,32,,,,
fanin_priority (batch non-blocking),0.2746,1.1031,0.0894,0.364,6.0818,51475.2734,28.1857,c880,32,,,,
DependencyAware (batch non-blocking),0.3233,1.1173,0.1773,0.5005,7.194,44479.4688,38.3417,c880,32,,,,
SJF (batch non-blocking),0.265,1.1092,0.0898,0.3548,6.0398,51671.6562,28.5419,c880,32,,,,
level-level task execution,0.0122,0.0153,0.0184,0.0306,0.1754,1806333.625,60.912,c880,32,,,,
FIFO (batch blocking),1.6423,5.3064,0.0224,1.6647,29.4759,24930.6992,1.5028,imbalanced_2,128,0.9945,72.0377,174.3991,139.4561
fanin_priority (batch blocking),1.6892,5.1921,0.0227,1.7119,29.7685,24737.6367,1.5531,imbalanced_2,128,0.9942,74.0357,192.8275,142.6683
DependencyAware (batch blocking),2.1265,7.6964,0.0217,2.1482,32.9983,22214.8477,1.3323,imbalanced_2,128,0.9949,94.6686,267.3753,172.1255
SJF (batch blocking),1.675,5.1,0.0235,1.6984,29.6217,24877.8555,1.5787,imbalanced_2,128,0.9943,72.5082,188.0259,139.69
FIFO (single-gate non-blocking),2.0768,6.032,0.0719,2.1486,32.6713,22453.1348,77.8238,imbalanced_2,128,0.9971,52.31,373.678,87.1213
fanin_priority (single-gate non-blocking),1.4887,26.3243,0.0724,1.5611,32.9573,22258.0117,77.8399,imbalanced_2,128,0.9904,21.3151,352.9206,27.6944
DependencyAware (single-gate non-blocking),4.1469,28.1734,0.093,4.2398,42.9225,17129.2988,77.0941,imbalanced_2,128,1,50.6366,510.1421,76.9618
SJF (single-gate non-blocking),1.5541,11.3428,0.0715,1.6256,32.7177,22412.1914,77.4949,imbalanced_2,128,0.9699,35.4292,579.6098,57.7114
FIFO (batch non-blocking),1.5794,5.4346,0.0915,1.6709,29.6891,24786.8945,18.8639,imbalanced_2,128,0.9942,61.1085,156.3108,119.4887
fanin_priority (batch non-blocking),1.5898,5.4021,0.1074,1.6972,29.2708,25047.1816,19.6413,imbalanced_2,128,0.9942,41.6626,101.0273,82.79
DependencyAware (batch non-blocking),1.6222,5.3822,0.5912,2.2134,33.8577,21670.6602,28.9831,imbalanced_2,128,0.9952,10.0626,56.0372,20.8072
SJF (batch non-blocking),1.5844,5.4025,0.1064,1.6908,29.142,25158.3105,19.6844,imbalanced_2,128,0.9942,41.2407,100.2154,82.1338
level-level task execution,0.0349,0.0683,0.0236,0.0585,0.4319,1706094.75,67.52,imbalanced_2,128,0.9941,2.9193,5.7576,5.4119
FIFO (batch blocking),4.5525,14.6597,0.0291,4.5816,85.6705,14074.2832,0.8454,balanced_1,128,0.9946,157.2277,449.7405,334.5211
fanin_priority (batch blocking),4.4638,15.215,0.0287,4.4926,86.6902,13932.2168,0.85,balanced_1,128,0.9933,157.0615,482.9711,329.9037
DependencyAware (batch blocking),5.2151,17.416,0.028,5.2431,93.4688,12813.501,0.7472,balanced_1,128,0.9954,187.5763,598.6458,391.3253
SJF (batch blocking),4.5319,14.839,0.0281,4.56,84.8552,14095.9248,0.817,balanced_1,128,0.9945,163.9392,480.9952,349.4568
FIFO (single-gate non-blocking),5.0092,11.8253,0.1194,5.1285,90.502,13235.6064,76.743,balanced_1,128,0.9965,98.694,663.013,193.1771
fanin_priority (single-gate non-blocking),2.4117,71.992,0.1238,2.5354,94.0145,12843.9355,76.7097,balanced_1,128,0.9876,24.9881,879.8806,38.9675
DependencyAware (single-gate non-blocking),11.5649,95.7179,0.1573,11.7222,120.1534,10035.1367,76.4322,balanced_1,128,0.9999,81.9471,521.9969,158.6737
SJF (single-gate non-blocking),4.3598,57.3205,0.1273,4.4871,96.7129,12450.5332,76.7804,balanced_1,128,0.9651,59.2712,2545.843,131.6164
FIFO (batch non-blocking),4.4694,9.8305,0.0972,4.5666,84.9124,14184.1221,11.7209,balanced_1,128,0.9947,131.0232,287.9481,279.7455
fanin_priority (batch non-blocking),4.4051,10.4001,0.1234,4.5285,86.4302,14019.2715,12.3294,balanced_1,128,0.9946,77.62,174.4914,167.7934
DependencyAware (batch non-blocking),4.4844,9.9281,0.8415,5.326,94.3232,12780.4355,20.295,balanced_1,128,0.9956,12.8979,89.6889,28.4594
SJF (batch non-blocking),4.4565,9.803,0.1217,4.5782,85.638,14036.2061,12.0797,balanced_1,128,0.9944,77.3353,162.9484,166.1378
level-level task execution,0.0401,0.0617,0.0219,0.062,0.45,2671661.5,69.2588,balanced_1,128,0.9987,3.3051,5.0742,6.8259
FIFO (batch blocking),10.4541,26.1619,0.0323,10.4864,169.8024,10382.1045,0.4054,imbalanced_4,128,0.8764,322.0017,856.5809,598.3014
fanin_priority (batch blocking),9.6432,49.4385,0.0312,9.6744,173.1301,10212.5303,0.4185,imbalanced_4,128,0.926,312.9245,1537.4156,565.0465
DependencyAware (batch blocking),16.5836,93.11,0.0345,16.618,207.3709,8576.2939,0.3533,imbalanced_4,128,0.9644,474.1898,2561.9355,800.3932
SJF (batch blocking),10.6139,90.114,0.0324,10.6463,175.6934,10127.4609,0.4135,imbalanced_4,128,0.9063,329.6081,2676.9055,645.3006
FIFO (single-gate non-blocking),11.9777,25.4312,0.1651,12.1428,186.4427,9523.8916,76.3892,imbalanced_4,128,0.8888,207.1521,1413.9575,372.8814
fanin_priority (single-gate non-blocking),6.6814,132.6123,0.1673,6.8487,188.8825,9391.5801,76.4482,imbalanced_4,128,0.9124,51.2834,6584.3252,59.6792
DependencyAware (single-gate non-blocking),24.2896,204.1747,0.2129,24.5025,242.8697,7278.0093,75.8399,imbalanced_4,128,0.9997,131.3974,2514.3594,189.5499
SJF (single-gate non-blocking),9.6178,152.8413,0.164,9.7818,186.2155,9569.334,76.2054,imbalanced_4,128,0.9407,121.3557,6316.5088,231.4772
FIFO (batch non-blocking),8.9226,23.9988,1.8013,10.7239,173.1125,10239.9121,29.5178,imbalanced_4,128,0.8909,188.1033,421.6929,372.394
fanin_priority (batch non-blocking),9.0488,24.956,1.8775,10.9263,180.2055,9910.2803,29.3984,imbalanced_4,128,0.9155,100.4776,219.3016,204.62
DependencyAware (batch non-blocking),10.5406,24.9728,3.4475,13.9881,199.8646,8882.252,37.5613,imbalanced_4,128,0.9291,11.9152,63.5512,23.4922
SJF (batch non-blocking),9.1182,24.7325,1.8843,11.0025,175.7439,10074.9785,30.1073,imbalanced_4,128,0.8921,101.4082,207.0038,195.7826
level-level task execution,0.0439,0.0617,0.0187,0.0626,0.3945,4506019,68.4058,imbalanced_4,128,0.9684,3.5383,4.8596,6.4149
FIFO (batch blocking),21.7779,42.9261,0.0249,21.8027,335.9735,7205.1265,0.6102,imbalanced_5,32,0.9999,953.749,2246.9087,1799.6891
fanin_priority (batch blocking),11.9522,256.6619,0.0244,11.9766,338.3792,7183.2056,0.6098,imbalanced_5,32,0.9998,530.823,11832.7158,730.578
DependencyAware (batch blocking),45.2425,365.5902,0.0259,45.2683,438.0295,5495.605,0.4608,imbalanced_5,32,1,1874.0143,16254.4092,3219.5449
SJF (batch blocking),17.6165,246.0678,0.0229,17.6394,323.7283,7415.5654,0.5658,imbalanced_5,32,1,822.1406,13163.4453,1905.7107
FIFO (single-gate non-blocking),22.0452,42.6578,0.2186,22.2638,341.4676,7083.9312,75.9349,imbalanced_5,32,0.9999,367.2655,2427.9324,696.0145
fanin_priority (single-gate non-blocking),9.8754,322.8538,0.2255,10.1009,353.4752,6833.9463,75.8587,imbalanced_5,32,0.993,52.6287,5644.4531,67.7866
DependencyAware (single-gate non-blocking),51.5392,422.6742,0.3106,51.8498,486.9128,4981.4141,75.7327,imbalanced_5,32,1,192.5098,4709.4014,312.918
SJF (single-gate non-blocking),16.3762,248.2751,0.2277,16.6039,356.5795,6841.2568,75.8887,imbalanced_5,32,1,183.1046,11620.541,349.8732
FIFO (batch non-blocking),16.5828,40.8397,5.3295,21.9123,339.465,7159.9971,72.072,imbalanced_5,32,0.9999,103.8003,633.0323,203.0262
fanin_priority (batch non-blocking),12.1819,136.6508,5.298,17.4799,351.2684,6918.3818,73.6519,imbalanced_5,32,0.9998,36.5362,203.705,90.7379
DependencyAware (batch non-blocking),30.5246,233.3591,7.8215,38.346,418.3329,5838.2568,76.1928,imbalanced_5,32,0.9999,9.1522,79.2923,18.5638
SJF (batch non-blocking),15.0421,192.7681,5.4414,20.4835,341.2404,7104.1313,70.8575,imbalanced_5,32,0.9997,36.7755,521.0228,62.4599
level-level task execution,0.0438,0.0653,0.0231,0.0669,0.4904,5096239,68.8456,imbalanced_5,32,0.9986,3.3086,4.7963,6.2416
FIFO (batch blocking),4.157,25.2453,0.0237,4.1807,174.2511,10028.709,1.0909,c6288,32,,,,
fanin_priority (batch blocking),4.1558,28.0009,0.0213,4.1772,170.2008,10292.1338,1.0231,c6288,32,,,,
DependencyAware (batch blocking),4.9028,35.1657,0.0219,4.9247,182.4889,9624.7324,0.9713,c6288,32,,,,
SJF (batch blocking),4.2431,34.4046,0.0236,4.2667,175.3782,9995.3672,1.0893,c6288,32,,,,
FIFO (single-gate non-blocking),4.214,26.5111,0.1632,4.3773,184.4996,9528.667,75.9054,c6288,32,,,,
fanin_priority (single-gate non-blocking),1.2202,153.0175,0.1591,1.3793,181.7558,9650.2148,75.4874,c6288,32,,,,
DependencyAware (single-gate non-blocking),6.2381,155.7976,0.1816,6.4198,204.2918,8604.249,75.9365,c6288,32,,,,
SJF (single-gate non-blocking),3.7399,80.9967,0.1572,3.8972,180.0869,9743.1191,75.3865,c6288,32,,,,
FIFO (batch non-blocking),3.3278,15.1525,0.7012,4.0291,169.3353,10345.5547,11.9817,c6288,32,,,,
fanin_priority (batch non-blocking),3.4657,28.6653,0.7392,4.2049,173.2739,10091.916,12.3982,c6288,32,,,,
DependencyAware (batch non-blocking),3.9366,21.9177,1.0237,4.9603,180.2292,9670.6543,17.0407,c6288,32,,,,
SJF (batch non-blocking),3.4735,28.5998,0.7359,4.2094,172.6868,10196.7207,12.3417,c6288,32,,,,
level-level task execution,0.0122,0.0171,0.0186,0.0308,0.2697,6574024,60.7547,c6288,32,,,,
FIFO (batch blocking),0.2621,0.5499,0.0173,0.2794,3.4721,71856.6484,6.9807,c499,512,,,,
fanin_priority (batch blocking),0.2667,0.5375,0.0172,0.2839,3.5094,71108.75,6.9512,c499,512,,,,
DependencyAware (batch blocking),0.3569,0.6955,0.0176,0.3744,4.2007,59597.4453,5.9451,c499,512,,,,
SJF (batch blocking),0.269,0.5541,0.0175,0.2866,3.5221,70769.25,6.8571,c499,512,,,,
FIFO (single-gate non-blocking),0.3722,0.7293,0.0315,0.4038,4.4822,55594.5117,81.4361,c499,512,,,,
fanin_priority (single-gate non-blocking),0.2926,2.0143,0.032,0.3247,4.6153,53997.4062,80.8917,c499,512,,,,
DependencyAware (single-gate non-blocking),0.5092,1.0838,0.038,0.5472,5.5561,44827.2969,79.845,c499,512,,,,
SJF (single-gate non-blocking),0.2401,1.7327,0.0318,0.2719,4.596,54242.668,80.9842,c499,512,,,,
FIFO (batch non-blocking),0.2559,0.5484,0.0208,0.2767,3.4402,72476.25,8.1555,c499,512,,,,
fanin_priority (batch non-blocking),0.2509,0.51,0.0262,0.2771,3.443,72339.1953,9.3892,c499,512,,,,
DependencyAware (batch non-blocking),0.2534,0.5301,0.1137,0.3671,4.1271,60430.6016,23.2585,c499,512,,,,
SJF (batch non-blocking),0.2518,0.5103,0.0254,0.2772,3.4545,72097.3672,9.113,c499,512,,,,
level-level task execution,0.0093,0.0147,0.016,0.0252,0.1827,1378327.875,62.6227,c499,512,,,,
FIFO (batch blocking),0.2235,0.5525,0.0163,0.2398,4.8407,58102.3359,6.9943,c1908,32,,,,
fanin_priority (batch blocking),0.2306,0.5581,0.0159,0.2465,4.98,56495.0547,6.7604,c1908,32,,,,
DependencyAware (batch blocking),0.2556,0.6939,0.0158,0.2714,5.2603,53387.5312,6.2472,c1908,32,,,,
SJF (batch blocking),0.2301,0.5668,0.0161,0.2463,4.9641,56622.5117,6.7972,c1908,32,,,,
FIFO (single-gate non-blocking),0.2848,0.7169,0.0375,0.3222,6.0283,46608.9062,81.0162,c1908,32,,,,
fanin_priority (single-gate non-blocking),0.1941,2.2771,0.0367,0.2308,6.11,45995.5117,79.718,c1908,32,,,,
DependencyAware (single-gate non-blocking),0.4328,1.7227,0.042,0.4749,7.0197,40023.375,79.3949,c1908,32,,,,
SJF (single-gate non-blocking),0.2424,2.0619,0.0373,0.2797,6.1932,45397.9609,79.7052,c1908,32,,,,
FIFO (batch non-blocking),0.2172,0.5373,0.0213,0.2385,4.8421,58060.6562,18.7023,c1908,32,,,,
fanin_priority (batch non-blocking),0.2236,0.5448,0.026,0.2496,5.0902,55433.5625,19.6533,c1908,32,,,,
DependencyAware (batch non-blocking),0.2177,0.5556,0.0595,0.2772,5.3586,52574.1641,26.9743,c1908,32,,,,
SJF (batch non-blocking),0.2203,0.5397,0.024,0.2443,4.9417,56951.5,19.2377,c1908,32,,,,
level-level task execution,0.0101,0.0156,0.0163,0.0263,0.1878,1549721.625,62.8246,c1908,32,,,,
FIFO (batch blocking),0.1268,0.4523,0.0197,0.1464,2.8267,62625.7891,15.4926,c432,32,,,,
fanin_priority (batch blocking),0.1403,0.4802,0.0197,0.16,2.8903,61280.4258,14.3784,c432,32,,,,
DependencyAware (batch blocking),0.1908,0.702,0.023,0.2138,3.4011,52682.6055,14.9687,c432,32,,,,
SJF (batch blocking),0.1566,0.6633,0.0197,0.1763,3.309,57428.3125,13.7488,c432,32,,,,
FIFO (single-gate non-blocking),0.2871,1.1928,0.0403,0.3274,4.4626,41589.2148,78.3763,c432,32,,,,
fanin_priority (single-gate non-blocking),0.2699,1.5565,0.0481,0.3181,4.3922,41974.8711,81.4932,c432,32,,,,
DependencyAware (single-gate non-blocking),0.4384,1.7408,0.0573,0.4956,5.4623,36230.5391,81.9139,c432,32,,,,
SJF (single-gate non-blocking),0.2459,1.1986,0.0389,0.2847,4.0233,44101.1367,80.1158,c432,32,,,,
FIFO (batch non-blocking),0.1186,0.4759,0.0346,0.1532,2.8791,61538.2578,31.5033,c432,32,,,,
fanin_priority (batch non-blocking),0.1262,0.4893,0.0396,0.1658,2.9673,59763.3359,32.6729,c432,32,,,,
DependencyAware (batch non-blocking),0.1239,0.4805,0.089,0.2129,3.297,53715.0859,40.7276,c432,32,,,,
SJF (batch non-blocking),0.1239,0.4841,0.0387,0.1626,2.9052,60967.9258,32.8051,c432,32,,,,
level-level task execution,0.0119,0.0155,0.0192,0.0312,0.2536,698717.8125,60.2196,c432,32,,,,
FIFO (batch blocking),0.238,0.8392,0.0162,0.2542,3.4942,72436.8047,7.2035,c1355,32,,,,
fanin_priority (batch blocking),0.2507,0.8951,0.0165,0.2672,3.6042,70233.2656,7.106,c1355,32,,,,
DependencyAware (batch blocking),0.3364,1.0392,0.0161,0.3524,4.1989,60322.9805,6.0487,c1355,32,,,,
SJF (batch blocking),0.2479,0.8541,0.0157,0.2636,3.5829,70640.9375,6.9633,c1355,32,,,,
FIFO (single-gate non-blocking),0.3832,0.777,0.0336,0.4168,4.812,53049.7891,81.638,c1355,32,,,,
fanin_priority (single-gate non-blocking),0.2879,2.1326,0.0339,0.3218,4.891,52315.4492,81.3573,c1355,32,,,,
DependencyAware (single-gate non-blocking),0.5163,1.1443,0.0397,0.556,5.8943,43373.0547,80.1101,c1355,32,,,,
SJF (single-gate non-blocking),0.3071,1.7269,0.0336,0.3407,4.8525,52713.0078,81.4116,c1355,32,,,,
FIFO (batch non-blocking),0.2167,0.536,0.0472,0.2639,3.4985,72336.7656,31.1961,c1355,32,,,,
fanin_priority (batch non-blocking),0.2202,0.5507,0.0519,0.2721,3.5558,71184.4844,32.1642,c1355,32,,,,
DependencyAware (batch non-blocking),0.2442,0.5194,0.1189,0.3631,4.0961,61773.332,42.0657,c1355,32,,,,
SJF (batch non-blocking),0.2236,0.5391,0.0519,0.2755,3.6077,70439.8672,31.618,c1355,32,,,,
level-level task execution,0.0096,0.016,0.0163,0.0259,0.1788,1425939.25,61.5924,c1355,32,,,,
FIFO (batch blocking),6.2824,17.6568,0.0281,6.3105,83.5587,14707.0059,0.6813,c5315,128,,,,
fanin_priority (batch blocking),5.5605,35.044,0.0262,5.5868,85.3258,14462.6387,0.7174,c5315,128,,,,
DependencyAware (batch blocking),11.0924,48.0812,0.0316,11.124,108.4076,11491.6104,0.5801,c5315,128,,,,
SJF (batch blocking),6.1457,36.7114,0.029,6.1747,87.1804,14177.2324,0.742,c5315,128,,,,
FIFO (single-gate non-blocking),7.459,14.305,0.1204,7.5794,93.5366,13212.8418,76.7689,c5315,128,,,,
fanin_priority (single-gate non-blocking),3.5997,78.8584,0.1253,3.725,97.2139,12823.8848,76.8851,c5315,128,,,,
DependencyAware (single-gate non-blocking),19.7259,101.5762,0.1757,19.9016,137.8872,8957.6133,76.2947,c5315,128,,,,
SJF (single-gate non-blocking),5.9427,61.9146,0.1235,6.0663,95.8152,12920.1514,76.917,c5315,128,,,,
FIFO (batch non-blocking),5.3405,13.2082,1.2097,6.5503,87.1936,14132.8252,43.043,c5315,128,,,,
fanin_priority (batch non-blocking),5.4153,13.1829,1.2372,6.6525,87.6625,14103.2207,42.9574,c5315,128,,,,
DependencyAware (batch non-blocking),6.8331,17.1648,2.4944,9.3275,99.0204,12430.1816,50.7882,c5315,128,,,,
SJF (batch non-blocking),5.1369,12.3286,1.1726,6.3095,84.0685,14594.5967,42.5549,c5315,128,,,,
level-level task execution,0.011,0.0123,0.0185,0.0294,0.2525,4858579,63.1628,c5315,128,,,,
FIFO (batch blocking),5.4327,16.7175,0.023,5.4557,75.7793,15388.4639,1.2043,balanced_0,32,0.9994,254.9609,829.0541,440.9834
fanin_priority (batch blocking),4.8634,55.1899,0.0216,4.885,76.338,15286.6748,1.188,balanced_0,32,0.9966,237.4019,2618.8677,316.7937
DependencyAware (batch blocking),12.0747,58.058,0.0245,12.0992,104.4622,11201.9883,0.9235,balanced_0,32,0.9993,531.9407,2871.624,826.9937
SJF (batch blocking),4.9918,32.3448,0.0218,5.0136,76.7266,15188.3457,1.2452,balanced_0,32,0.9996,240.4321,1738.5652,456.7824
FIFO (single-gate non-blocking),5.9989,17.7922,0.1124,6.1113,82.0669,14201.6387,76.9879,balanced_0,32,0.9993,119.1382,997.1483,198.4573
fanin_priority (single-gate non-blocking),4.1842,57.5213,0.1121,4.2963,82.2142,14198.0801,76.9228,balanced_0,32,0.9866,39.5043,1783.9158,46.7494
DependencyAware (single-gate non-blocking),14.2949,85.6976,0.154,14.4489,113.8864,10250.4678,76.3193,balanced_0,32,1,104.3288,995.3943,153.0001
SJF (single-gate non-blocking),4.9654,39.1748,0.1126,5.078,82.1198,14272.6221,76.9819,balanced_0,32,1,76.9077,1084.1707,123.7644
FIFO (batch non-blocking),3.7539,16.4725,1.6051,5.359,74.4953,15638.4922,69.6138,balanced_0,32,0.9991,55.2112,286.5446,108.2153
fanin_priority (batch non-blocking),3.7189,25.1915,1.5944,5.3133,74.4846,15567.9551,64.4326,balanced_0,32,0.9988,30.4554,116.6154,70.5874
DependencyAware (batch non-blocking),6.2235,26.6881,2.6119,8.8354,92.38,12656.4102,72.479,balanced_0,32,0.9995,8.9573,33.9138,18.7385
SJF (batch non-blocking),3.6205,16.549,1.7172,5.3377,76.2815,15305.1328,64.2052,balanced_0,32,0.999,28.2081,155.3932,49.6547
level-level task execution,0.0345,0.0578,0.0237,0.0582,0.3912,3002994.25,68.1099,balanced_0,32,0.9981,2.9023,4.9353,5.3647
FIFO (batch blocking),4.413,16.1871,0.0314,4.4444,74.8164,15578.1748,0.7551,balanced_0,512,0.9991,151.9641,420.7354,309.8829
fanin_priority (batch blocking),4.4409,15.9871,0.03,4.471,75.4445,15503.5439,0.7355,balanced_0,512,0.9991,157.6731,460.3624,320.8815
DependencyAware (batch blocking),5.9981,16.8624,0.0295,6.0276,84.1222,13775.9844,0.6162,balanced_0,512,0.9993,201.9879,485.7587,381.6986
SJF (batch blocking),4.3602,15.8379,0.0283,4.3885,74.3725,15618.6797,0.7137,balanced_0,512,0.999,163.9218,454.0455,333.7495
FIFO (single-gate non-blocking),5.991,17.5287,0.1131,6.104,82.4902,14176.9873,76.9654,balanced_0,512,0.9993,116.8643,985.4365,195.0361
fanin_priority (single-gate non-blocking),4.1545,58.2967,0.1143,4.2688,83.7679,13931.6816,76.8704,balanced_0,512,0.9864,38.9818,1611.9807,46.1492
DependencyAware (single-gate non-blocking),14.7114,88.9231,0.158,14.8695,117.5577,9982.9717,76.2584,balanced_0,512,1,104.3979,987.7452,153.9741
SJF (single-gate non-blocking),5.0747,39.9187,0.1142,5.1889,83.5804,13955.9434,76.8057,balanced_0,512,1,76.1061,1121.6501,123.1972
FIFO (batch non-blocking),4.4496,16.7643,0.0409,4.4904,75.4954,15425.2217,0.8987,balanced_0,512,0.9991,125.2218,333.8105,256.1904
fanin_priority (batch non-blocking),4.7175,16.8076,0.0768,4.7943,82.0053,14909.6895,1.3036,balanced_0,512,0.9989,78.829,185.4109,161.988
DependencyAware (batch non-blocking),4.5682,17.493,1.9222,6.4904,89.0308,13232.3457,14.8292,balanced_0,512,0.9993,11.5049,35.3342,23.8909
SJF (batch non-blocking),4.3832,16.2189,0.0736,4.4567,74.9434,15557.0254,1.3477,balanced_0,512,0.9991,76.1321,187.1446,156.2489
level-level task execution,0.0356,0.0587,0.0246,0.0602,0.3989,2934665.5,68.8908,balanced_0,512,0.9981,2.8945,4.8785,5.3669
FIFO (batch blocking),1.5893,4.9779,0.0199,1.6092,17.5622,32356.8535,2.4888,c2670,32,,,,
fanin_priority (batch blocking),1.632,11.9877,0.0192,1.6511,17.6488,32011.8184,2.2912,c2670,32,,,,
DependencyAware (batch blocking),3.8365,10.7113,0.02,3.8566,25.175,22513.3652,1.7184,c2670,32,,,,
SJF (batch blocking),1.5963,6.9369,0.0187,1.615,17.6738,32098.0117,2.4487,c2670,32,,,,
FIFO (single-gate non-blocking),1.9172,5.5916,0.0574,1.9746,19.8203,28510.1777,78.3374,c2670,32,,,,
fanin_priority (single-gate non-blocking),1.5339,19.093,0.058,1.5919,20.1015,28102.8164,78.3202,c2670,32,,,,
DependencyAware (single-gate non-blocking),5.003,22.7654,0.0837,5.0867,29.6073,19052.8418,77.2611,c2670,32,,,,
SJF (single-gate non-blocking),1.7393,11.9988,0.0579,1.7971,19.9697,28259.9277,78.4335,c2670,32,,,,
FIFO (batch non-blocking),1.0033,3.7667,0.5315,1.5347,16.7813,33611.1797,63.2025,c2670,32,,,,
fanin_priority (batch non-blocking),1.0724,3.9305,0.5971,1.6695,17.4689,32344.0938,58.2472,c2670,32,,,,
DependencyAware (batch non-blocking),1.6911,6.598,1.01,2.7012,21.2697,26526.8125,66.4504,c2670,32,,,,
SJF (batch non-blocking),1.0366,3.8999,0.5948,1.6314,17.3756,32483.6875,57.9584,c2670,32,,,,
level-level task execution,0.0094,0.0144,0.0185,0.0279,0.1665,3487657.25,61.6699,c2670,32,,,,
FIFO (batch blocking),6.9724,14.1766,0.0238,6.9961,88.6595,13910.4766,1.1465,c5315,32,,,,
fanin_priority (batch blocking),4.383,55.3018,0.0233,4.4063,88.0034,14066.4951,1.1535,c5315,32,,,,
DependencyAware (batch blocking),17.1251,85.0772,0.0233,17.1484,123.0653,10034.4961,0.787,c5315,32,,,,
SJF (batch blocking),5.7833,43.5494,0.0221,5.8054,87.0433,14170.373,1.0827,c5315,32,,,,
FIFO (single-gate non-blocking),7.5141,14.3905,0.1228,7.6369,95.2797,13006.4785,76.7354,c5315,32,,,,
fanin_priority (single-gate non-blocking),3.5625,76.6727,0.1216,3.6841,94.4284,13096.584,76.7912,c5315,32,,,,
DependencyAware (single-gate non-blocking),19.2306,99.2429,0.1714,19.4021,134.7556,9187.0254,76.2335,c5315,32,,,,
SJF (single-gate non-blocking),5.9014,60.7174,0.1222,6.0236,95.1382,13026.1416,76.7649,c5315,32,,,,
FIFO (batch non-blocking),4.7189,13.7275,2.12,6.8389,85.3929,14386.3262,68.7056,c5315,32,,,,
fanin_priority (batch non-blocking),3.7817,35.4373,1.9024,5.6841,85.0616,14465.3018,68.6649,c5315,32,,,,
DependencyAware (batch non-blocking),8.3537,43.9695,3.2253,11.579,103.4806,11871.9316,76.6446,c5315,32,,,,
SJF (batch non-blocking),4.3895,33.6431,1.8732,6.2628,86.7575,14167.1582,71.366,c5315,32,,,,
level-level task execution,0.0111,0.0132,0.0184,0.0295,0.254,4896110,61.8616,c5315,32,,,,
FIFO (batch blocking),7.8236,21.2199,0.0303,7.8539,117.8618,12461.5723,0.5025,c7552,128,,,,
fanin_priority (batch blocking),7.2714,21.5257,0.0301,7.3015,120.7662,12175.5762,0.5193,c7552,128,,,,
DependencyAware (batch blocking),10.8567,36.7955,0.0323,10.889,138.1847,10634.8936,0.4343,c7552,128,,,,
SJF (batch blocking),7.0535,20.4994,0.0285,7.082,117.3246,12536.9785,0.5017,c7552,128,,,,
FIFO (single-gate non-blocking),8.811,17.9694,0.1354,8.9464,126.4802,11621.3506,76.5974,c7552,128,,,,
fanin_priority (single-gate non-blocking),5.2623,128.6957,0.1429,5.4052,133.7329,11180.8936,76.5662,c7552,128,,,,
DependencyAware (single-gate non-blocking),19.7483,157.3131,0.1924,19.9407,180.8875,8227.7324,76.2544,c7552,128,,,,
SJF (single-gate non-blocking),7.2542,104.2694,0.1397,7.3939,131.0442,11303.5439,76.4333,c7552,128,,,,
FIFO (batch non-blocking),6.7182,16.7301,1.0604,7.7786,117.3848,12523.7871,35.5083,c7552,128,,,,
fanin_priority (batch non-blocking),6.5755,16.7724,1.1047,7.6802,118.5787,12401.1582,35.8916,c7552,128,,,,
DependencyAware (batch non-blocking),7.4194,16.6691,2.3713,9.7907,133.4325,11027.0654,43.4714,c7552,128,,,,
SJF (batch non-blocking),6.6545,16.5896,1.1045,7.7591,119.6493,12373.1582,35.6521,c7552,128,,,,
level-level task execution,0.0119,0.0202,0.0198,0.0318,0.2178,6837559,61.0589,c7552,128,,,,
FIFO (batch blocking),10.5471,24.8741,0.0376,10.5848,176.6326,10023.8545,0.3919,imbalanced_4,512,0.8917,282.6342,548.2341,544.4865
fanin_priority (batch blocking),10.4725,24.7547,0.0353,10.5078,174.7667,10159.6426,0.3671,imbalanced_4,512,0.8939,296.9936,560.548,571.6924
DependencyAware (batch blocking),12.4561,27.0742,0.0368,12.4929,195.8961,9053.252,0.3395,imbalanced_4,512,0.906,339.0303,615.1388,636.1562
SJF (batch blocking),10.0792,23.3694,0.0324,10.1115,168.9825,10443.8506,0.3524,imbalanced_4,512,0.8907,312.9168,597.8511,602.523
FIFO (single-gate non-blocking),12.1047,25.5435,0.1659,12.2706,187.0224,9554.4482,76.5157,imbalanced_4,512,0.8927,207.8156,1480.8834,373.7006
fanin_priority (single-gate non-blocking),6.6011,130.7881,0.1651,6.7662,186.7188,9523.3027,76.2693,imbalanced_4,512,0.9113,51.1315,6316.1187,59.6109
DependencyAware (single-gate non-blocking),25.0718,211.3073,0.221,25.2927,251.3855,7057.7266,75.9408,imbalanced_4,512,0.9997,130.614,2462.3828,188.6466
SJF (single-gate non-blocking),9.6783,150.5648,0.1629,9.8411,184.2814,9633.0879,76.3111,imbalanced_4,512,0.944,121.5503,6373.0127,232.6136
FIFO (batch non-blocking),9.9439,22.989,0.0436,9.9875,166.8753,10574.417,0.4468,imbalanced_4,512,0.8919,239.4593,437.7166,463.0005
fanin_priority (batch non-blocking),10.117,23.9773,0.0871,10.2041,170.1831,10396.2217,0.8553,imbalanced_4,512,0.8921,127.7802,217.2577,248.7183
DependencyAware (batch non-blocking),9.9626,23.1589,2.0722,12.0349,189.1759,9333.6631,11.8753,imbalanced_4,512,0.9055,12.476,61.8348,24.5566
SJF (batch non-blocking),10.1913,23.5729,0.0938,10.285,171.7269,10270.542,0.8364,imbalanced_4,512,0.8919,123.6591,209.7953,240.5398
level-level task execution,0.0427,0.056,0.0175,0.0602,0.3725,4777297,68.1859,imbalanced_4,512,0.9682,3.5956,4.6178,6.5164
FIFO (batch blocking),0.004,0.0072,0.0172,0.0212,0.1086,123532.4375,73.7998,c17,512,,,,
fanin_priority (batch blocking),0.0043,0.0071,0.0167,0.0209,0.1102,122520.4609,72.7243,c17,512,,,,
DependencyAware (batch blocking),0.0056,0.0074,0.0174,0.023,0.1135,118453.1016,70.346,c17,512,,,,
SJF (batch blocking),0.004,0.0066,0.0158,0.0198,0.1042,126635.7266,72.5743,c17,512,,,,
FIFO (single-gate non-blocking),0.0092,0.0397,0.0175,0.0266,0.1401,97319.5938,84.772,c17,512,,,,
fanin_priority (single-gate non-blocking),0.0104,0.0422,0.0176,0.0279,0.1461,93059.1719,85.3956,c17,512,,,,
DependencyAware (single-gate non-blocking),0.0115,0.0478,0.0172,0.0288,0.1403,96197.1953,83.6604,c17,512,,,,
SJF (single-gate non-blocking),0.0102,0.0421,0.0171,0.0274,0.1412,95144.9219,85.1387,c17,512,,,,
FIFO (batch non-blocking),0.0022,0.0054,0.0214,0.0236,0.1288,108403.3281,75.0059,c17,512,,,,
fanin_priority (batch non-blocking),0.0023,0.0057,0.0194,0.0217,0.1216,110117.5234,74.4915,c17,512,,,,
DependencyAware (batch non-blocking),0.0022,0.0055,0.0203,0.0224,0.1208,110133.7344,76.1294,c17,512,,,,
SJF (batch non-blocking),0.0024,0.0057,0.0192,0.0215,0.12,111644.9219,74.7313,c17,512,,,,
level-level task execution,0.0112,0.0209,0.0199,0.0311,0.1351,103751.375,60.0922,c17,512,,,,
FIFO (batch blocking),1.3282,3.857,0.0241,1.3524,17.2598,32741.6777,2.0173,c2670,128,,,,
fanin_priority (batch blocking),1.3849,3.9395,0.0231,1.408,17.2339,32730.1191,1.8763,c2670,128,,,,
DependencyAware (batch blocking),2.2605,6.7155,0.0242,2.2848,21.4231,26364.6133,1.5474,c2670,128,,,,
SJF (batch blocking),1.3989,3.9379,0.0226,1.4215,17.4178,32435.2402,1.8552,c2670,128,,,,
FIFO (single-gate non-blocking),1.9331,5.6492,0.0585,1.9916,20.1532,28033.7559,78.3084,c2670,128,,,,
fanin_priority (single-gate non-blocking),1.5839,19.4305,0.059,1.6428,20.4102,27779.832,78.3832,c2670,128,,,,
DependencyAware (single-gate non-blocking),4.9897,22.8574,0.084,5.0737,29.6743,19032.7324,77.3222,c2670,128,,,,
SJF (single-gate non-blocking),1.7933,12.1601,0.059,1.8522,20.3633,27841.9434,78.4636,c2670,128,,,,
FIFO (batch non-blocking),1.1128,4.59,0.225,1.3378,16.8796,33420.5195,24.3806,c2670,128,,,,
fanin_priority (batch non-blocking),1.146,4.6498,0.2448,1.3908,17.1704,32860.3359,25.0689,c2670,128,,,,
DependencyAware (batch non-blocking),1.3021,4.5666,0.8945,2.1967,20.764,27163.7305,38.6443,c2670,128,,,,
SJF (batch non-blocking),1.162,4.7299,0.25,1.412,17.4079,32426.4688,25.3242,c2670,128,,,,
level-level task execution,0.0105,0.0141,0.0169,0.0273,0.1567,3611163.5,61.639,c2670,128,,,,
FIFO (batch blocking),0.2369,0.5676,0.0188,0.2557,5.2121,54549.8867,7.4502,c1908,128,,,,
fanin_priority (batch blocking),0.2466,0.6356,0.0187,0.2654,5.3543,53454.4492,7.2401,c1908,128,,,,
DependencyAware (batch blocking),0.2727,0.5998,0.02,0.2926,5.6927,50175.5234,7.0796,c1908,128,,,,
SJF (batch blocking),0.2405,0.5687,0.0188,0.2593,5.2424,54337.582,7.2862,c1908,128,,,,
FIFO (single-gate non-blocking),0.3079,0.7616,0.0412,0.3491,6.5546,43811.6641,81.3224,c1908,128,,,,
fanin_priority (single-gate non-blocking),0.2119,2.4853,0.0405,0.2524,6.6834,42893.0742,79.9741,c1908,128,,,,
DependencyAware (single-gate non-blocking),0.471,1.8573,0.0467,0.5176,7.7487,36855.3086,79.8349,c1908,128,,,,
SJF (single-gate non-blocking),0.2662,2.2756,0.0414,0.3076,6.8238,41974.7383,80.0141,c1908,128,,,,
FIFO (batch non-blocking),0.243,0.5883,0.0255,0.2685,5.4438,52495.4297,9.1484,c1908,128,,,,
fanin_priority (batch non-blocking),0.2381,0.5783,0.0269,0.265,5.3671,53192.5391,9.6962,c1908,128,,,,
DependencyAware (batch non-blocking),0.2323,0.5477,0.0604,0.2926,5.7246,49851.8867,16.9407,c1908,128,,,,
SJF (batch non-blocking),0.2306,0.5611,0.0257,0.2563,5.2393,54467.5547,9.5041,c1908,128,,,,
level-level task execution,0.0142,0.023,0.026,0.0401,0.2459,1302079,62.4194,c1908,128,,,,
FIFO (batch blocking),0.2659,0.5585,0.0176,0.2835,3.6519,69586.7344,7.09,c1355,512,,,,
fanin_priority (batch blocking),0.2776,0.5577,0.0183,0.2958,3.7803,67377.3516,7.0792,c1355,512,,,,
DependencyAware (batch blocking),0.3482,0.6957,0.0191,0.3672,4.2771,59346.4922,6.1681,c1355,512,,,,
SJF (batch blocking),0.2719,0.5468,0.0178,0.2897,3.7037,68514.7109,6.9427,c1355,512,,,,
FIFO (single-gate non-blocking),0.3684,0.7474,0.0324,0.4008,4.6481,54467.5703,81.5694,c1355,512,,,,
fanin_priority (single-gate non-blocking),0.2873,2.0774,0.034,0.3213,4.9026,52095.3711,81.4919,c1355,512,,,,
DependencyAware (single-gate non-blocking),0.5238,1.1898,0.0399,0.5636,5.945,42951.6992,79.8355,c1355,512,,,,
SJF (single-gate non-blocking),0.3082,1.7639,0.0339,0.3422,4.9154,52040.793,81.3318,c1355,512,,,,
FIFO (batch non-blocking),0.2686,0.582,0.0225,0.2912,3.7095,68891.9062,7.9643,c1355,512,,,,
fanin_priority (batch non-blocking),0.262,0.5396,0.0268,0.2888,3.6956,68852.4766,9.183,c1355,512,,,,
DependencyAware (batch non-blocking),0.2555,0.5381,0.1028,0.3583,4.1662,60754.3125,21.9987,c1355,512,,,,
SJF (batch non-blocking),0.2605,0.5448,0.0261,0.2865,3.6614,69312.8047,9.1047,c1355,512,,,,
level-level task execution,0.0109,0.0165,0.0162,0.0271,0.1838,1431464,61.1035,c1355,512,,,,
FIFO (batch blocking),0.2977,1.041,0.0185,0.3162,5.4804,56054.707,6.6099,c880,512,,,,
fanin_priority (batch blocking),0.3022,1.0027,0.0178,0.3201,5.5863,55116.168,6.6226,c880,512,,,,
DependencyAware (batch blocking),0.3951,1.1231,0.0185,0.4136,6.2973,48912.3359,5.8709,c880,512,,,,
SJF (batch blocking),0.3038,1.0047,0.0177,0.3215,5.6473,54613.3633,6.6237,c880,512,,,,
FIFO (single-gate non-blocking),0.397,1.2649,0.0372,0.4342,6.6461,46206.9648,80.347,c880,512,,,,
fanin_priority (single-gate non-blocking),0.368,3.1793,0.0378,0.4058,6.8052,45128.1641,80.1913,c880,512,,,,
DependencyAware (single-gate non-blocking),0.9361,6.0292,0.0468,0.9829,8.6317,35570.8359,79.0074,c880,512,,,,
SJF (single-gate non-blocking),0.335,1.9326,0.0381,0.3731,6.8943,44688.8828,80.1837,c880,512,,,,
FIFO (batch non-blocking),0.2948,1.0096,0.0223,0.3171,5.6015,55089.7812,7.5778,c880,512,,,,
fanin_priority (batch non-blocking),0.3233,1.1467,0.0277,0.3509,6.2924,51693.2773,8.0868,c880,512,,,,
DependencyAware (batch non-blocking),0.2955,1.0178,0.1304,0.4259,6.3927,48455.8984,19.6304,c880,512,,,,
SJF (batch non-blocking),0.2935,1.0166,0.0262,0.3197,5.562,55294.1172,8.4158,c880,512,,,,
level-level task execution,0.0096,0.0132,0.0164,0.026,0.1573,1973352.25,63.6878,c880,512,,,,
FIFO (batch blocking),4.9104,16.8707,0.0287,4.9391,75.9438,15329.9453,0.7819,balanced_0,128,0.9991,170.6217,541.7448,323.2274
fanin_priority (batch blocking),4.7552,25.2151,0.0275,4.7828,75.6971,15382.958,0.7861,balanced_0,128,0.9987,176.307,955.1096,320.8775
DependencyAware (batch blocking),7.8981,27.9454,0.0297,7.9278,92.4654,12629.2754,0.6517,balanced_0,128,0.9995,260.7853,852.0047,459.7977
SJF (batch blocking),4.9118,16.926,0.0293,4.9411,76.5084,15209.458,0.8092,balanced_0,128,0.999,169.4987,550.6485,324.4531
FIFO (single-gate non-blocking),6.0955,17.9315,0.1151,6.2106,83.9366,13908.5391,77.0326,balanced_0,128,0.9993,116.275,928.4291,194.7389
fanin_priority (single-gate non-blocking),4.2244,57.8443,0.1148,4.3392,84.0839,13873.4326,76.873,balanced_0,128,0.9857,39.1686,1703.1299,46.2889
DependencyAware (single-gate non-blocking),14.8268,89.4674,0.1602,14.987,118.1442,9888.9258,76.3756,balanced_0,128,1,105.3248,1026.6082,154.1764
SJF (single-gate non-blocking),4.9656,39.8027,0.1136,5.0793,82.9153,14135.0918,76.7967,balanced_0,128,1,75.8942,1084.5536,123.3712
FIFO (batch non-blocking),3.9685,16.163,0.9102,4.8787,74.8747,15579.7842,11.9314,balanced_0,128,0.9991,114.7922,347.6568,233.8291
fanin_priority (batch non-blocking),3.8493,16.1112,0.9389,4.7882,75.1036,15514.0049,12.3112,balanced_0,128,0.9991,70.3167,180.4692,144.3563
DependencyAware (batch non-blocking),4.6373,15.9874,2.1773,6.8146,86.7417,13429.377,24.2334,balanced_0,128,0.9993,11.175,34.8883,23.1012
SJF (batch non-blocking),3.8868,16.2843,0.9464,4.8332,75.8967,15385.8809,12.3046,balanced_0,128,0.9991,69.1675,188.3318,141.8767
level-level task execution,0.0348,0.0584,0.0246,0.0594,0.3966,2954002,69.789,balanced_0,128,0.998,2.8948,4.9886,5.3555
FIFO (batch blocking),9.547,24.3196,0.0225,9.5696,154.2677,10518.5371,0.8499,imbalanced_3,32,0.9987,445.474,1164.9182,861.0477
fanin_priority (batch blocking),10.0047,132.9469,0.0225,10.0272,155.1539,10481.2295,0.8745,imbalanced_3,32,0.9966,467.6167,6906.5771,606.5629
DependencyAware (batch blocking),22.3505,140.5291,0.0252,22.3757,209.2496,7790.6123,0.6726,imbalanced_3,32,0.9991,971.4369,6493.9526,1747.2471
SJF (batch blocking),9.2551,95.3303,0.0232,9.2783,155.687,10461.3125,0.8388,imbalanced_3,32,0.9999,431.6094,4740.958,988.0978
FIFO (single-gate non-blocking),10.1594,23.7639,0.1569,10.3163,162.2982,10060.0254,76.3613,imbalanced_3,32,0.9988,179.6115,1345.8989,342.7692
fanin_priority (single-gate non-blocking),6.8135,153.6855,0.1558,6.9693,161.1616,10118.7188,76.3529,imbalanced_3,32,0.9956,54.6933,7058.4268,65.1783
DependencyAware (single-gate non-blocking),26.4293,180.0251,0.2155,26.6447,223.7959,7295.7642,76.1964,imbalanced_3,32,1,135.6458,1880.3571,234.2506
SJF (single-gate non-blocking),9.367,116.2837,0.1602,9.5271,165.8232,9912.1729,76.388,imbalanced_3,32,0.9999,105.3498,4582.71,215.1835
FIFO (batch non-blocking),6.6292,25.9521,3.0543,9.6836,154.6408,10542.0283,64.0483,imbalanced_3,32,0.9988,68.7217,381.8507,145.0776
fanin_priority (batch non-blocking),6.7578,38.5158,2.9382,9.696,155.6085,10449.3721,74.0515,imbalanced_3,32,0.9989,33.6039,212.4734,82.4887
DependencyAware (batch non-blocking),10.6494,42.199,4.1603,14.8098,178.718,9100.3379,69.2147,imbalanced_3,32,0.999,9.635,52.8484,20.2547
SJF (batch non-blocking),6.7855,39.4782,3.1618,9.9474,154.2525,10550.1465,72.0954,imbalanced_3,32,0.9993,32.8841,251.069,55.9633
level-level task execution,0.0394,0.062,0.0241,0.0635,0.4253,3845666,69.0709,imbalanced_3,32,0.9972,3.0546,5.0071,6.1717
FIFO (batch blocking),3.4753,15.8795,0.0255,3.5008,173.2511,10117.5996,1.0225,c6288,128,,,,
fanin_priority (batch blocking),3.5651,29.3261,0.0246,3.5897,172.9156,10207.8496,1.0203,c6288,128,,,,
DependencyAware (batch blocking),4.3792,22.5673,0.0268,4.406,182.9877,9581.749,1.0108,c6288,128,,,,
SJF (batch blocking),3.5073,28.1988,0.0248,3.5321,171.8352,10219.5029,1.0099,c6288,128,,,,
FIFO (single-gate non-blocking),4.114,26.3422,0.1557,4.2697,176.5946,9934.126,75.7694,c6288,128,,,,
fanin_priority (single-gate non-blocking),1.2157,154.7451,0.1611,1.3768,183.7133,9583.4316,75.6197,c6288,128,,,,
DependencyAware (single-gate non-blocking),6.096,146.7754,0.1737,6.2697,195.6013,8946.1504,75.8484,c6288,128,,,,
SJF (single-gate non-blocking),3.6645,79.4049,0.1584,3.823,181.3946,9686.2139,75.3905,c6288,128,,,,
FIFO (batch non-blocking),2.5145,12.4007,0.9524,3.4669,172.3265,10199.46,8.375,c6288,128,,,,
fanin_priority (batch non-blocking),2.5349,25.3269,0.9879,3.5228,171.5064,10218.7979,8.7983,c6288,128,,,,
DependencyAware (batch non-blocking),2.8997,12.415,1.643,4.5427,183.3622,9635.0527,13.7616,c6288,128,,,,
SJF (batch non-blocking),2.5432,24.5136,0.9531,3.4963,172.7264,10133.1699,8.4868,c6288,128,,,,
level-level task execution,0.0134,0.0167,0.0189,0.0323,0.2766,6449758,62.2354,c6288,128,,,,
FIFO (batch blocking),0.2213,0.5284,0.0161,0.2374,4.8409,57966.4258,7.0184,c1908,512,,,,
fanin_priority (batch blocking),0.2266,0.531,0.0161,0.2427,4.9215,56936.2266,6.8447,c1908,512,,,,
DependencyAware (batch blocking),0.2501,0.5702,0.0158,0.2659,5.1959,53902.9688,6.3589,c1908,512,,,,
SJF (batch blocking),0.2192,0.5206,0.016,0.2353,4.7661,58758.0078,6.9265,c1908,512,,,,
FIFO (single-gate non-blocking),0.2774,0.6916,0.0365,0.3139,5.8699,47710.6484,81.0041,c1908,512,,,,
fanin_priority (single-gate non-blocking),0.1917,2.2418,0.0362,0.2279,6.0331,46431.1133,79.6782,c1908,512,,,,
DependencyAware (single-gate non-blocking),0.4229,1.6669,0.0411,0.464,6.8969,40620.4844,79.244,c1908,512,,,,
SJF (single-gate non-blocking),0.2397,2.0583,0.0368,0.2765,6.109,45904.5234,79.6734,c1908,512,,,,
FIFO (batch non-blocking),0.2126,0.5219,0.0178,0.2304,4.6826,59804.0547,7.6763,c1908,512,,,,
fanin_priority (batch non-blocking),0.2184,0.521,0.0213,0.2396,4.8729,57530.5625,8.6649,c1908,512,,,,
DependencyAware (batch non-blocking),0.2132,0.5091,0.0533,0.2665,5.1885,53977.9688,16.2908,c1908,512,,,,
SJF (batch non-blocking),0.2167,0.5308,0.0214,0.2381,4.8446,57834.707,8.7886,c1908,512,,,,
level-level task execution,0.0092,0.012,0.0159,0.0251,0.1762,1598358.25,62.9903,c1908,512,,,,
FIFO (batch blocking),0.3733,1.2682,0.0221,0.3954,6.9552,44163.7578,6.6018,c880,128,,,,
fanin_priority (batch blocking),0.3836,1.2828,0.0225,0.4062,7.0845,43370.9336,6.6274,c880,128,,,,
DependencyAware (batch blocking),0.5196,1.5361,0.0232,0.5427,8.3897,36960.6172,5.7742,c880,128,,,,
SJF (batch blocking),0.3898,1.3307,0.0218,0.4116,7.1487,43018.4922,6.4636,c880,128,,,,
FIFO (single-gate non-blocking),0.5337,1.6908,0.0513,0.585,9.0033,34104.8242,81.1636,c880,128,,,,
fanin_priority (single-gate non-blocking),0.5014,4.4069,0.0528,0.5542,9.3643,32826.1094,81.2505,c880,128,,,,
DependencyAware (single-gate non-blocking),1.2636,8.2111,0.0646,1.3282,11.6737,26331.8242,79.795,c880,128,,,,
SJF (single-gate non-blocking),0.4671,2.7856,0.0568,0.5239,9.9246,31723.8477,81.4267,c880,128,,,,
FIFO (batch non-blocking),0.3643,1.2423,0.0271,0.3914,6.9065,44455.0938,7.5083,c880,128,,,,
fanin_priority (batch non-blocking),0.3696,1.2734,0.0344,0.404,7.0487,43564.4844,8.6087,c880,128,,,,
DependencyAware (batch non-blocking),0.3629,1.2276,0.1589,0.5218,7.9195,38769.1523,19.6499,c880,128,,,,
SJF (batch non-blocking),0.364,1.2389,0.0344,0.3984,6.9843,43959.5352,8.6757,c880,128,,,,
level-level task execution,0.0144,0.0221,0.0201,0.0345,0.2049,1506707.25,58.0428,c880,128,,,,
FIFO (batch blocking),7.5627,16.9608,0.032,7.5947,118.6423,12393.9863,0.4909,c7552,512,,,,
fanin_priority (batch blocking),7.5546,16.9402,0.0311,7.5857,117.8742,12485.6553,0.4817,c7552,512,,,,
DependencyAware (batch blocking),9.2058,19.2725,0.0338,9.2396,134.4807,10939.4316,0.4329,c7552,512,,,,
SJF (batch blocking),7.4911,16.2939,0.0319,7.5229,117.4477,12518.3467,0.5,c7552,512,,,,
FIFO (single-gate non-blocking),8.6893,18.1834,0.1335,8.8228,124.7746,11783.5908,76.5764,c7552,512,,,,
fanin_priority (single-gate non-blocking),4.905,120.2863,0.1335,5.0386,125.1665,11752.9668,76.4262,c7552,512,,,,
DependencyAware (single-gate non-blocking),18.7382,149.1996,0.1823,18.9205,172.1501,8566.8984,76.0518,c7552,512,,,,
SJF (single-gate non-blocking),7.0797,101.013,0.1374,7.2171,128.5233,11528.6709,76.6297,c7552,512,,,,
FIFO (batch non-blocking),7.6565,17.0909,0.0441,7.7006,120.2764,12293.8389,0.6309,c7552,512,,,,
fanin_priority (batch non-blocking),7.7235,16.7377,0.0819,7.8054,121.7948,12167.0059,1.0079,c7552,512,,,,
DependencyAware (batch non-blocking),7.8021,16.8399,1.6932,9.4953,138.7526,10695.0029,12.7088,c7552,512,,,,
SJF (batch non-blocking),7.5364,16.6058,0.0797,7.6161,118.8217,12361.3086,1.0244,c7552,512,,,,
level-level task execution,0.0144,0.0259,0.0202,0.0345,0.2284,6581197.5,59.1055,c7552,512,,,,
FIFO (batch blocking),4.7462,11.6575,0.023,4.7691,86.9186,13837.9639,1.2076,balanced_1,32,0.9952,222.126,609.5897,444.4983
fanin_priority (batch blocking),4.2885,52.964,0.0224,4.3109,86.2283,13961.8223,1.191,balanced_1,32,0.9992,205.869,2579.4019,321.864
DependencyAware (batch blocking),8.9129,59.7262,0.0242,8.9371,106.6493,11261.7646,1.0038,balanced_1,32,0.9986,392.755,2862.3606,780.6864
SJF (batch blocking),4.574,37.56,0.0238,4.5978,88.3393,13587.8643,1.2564,balanced_1,32,0.993,207.1107,1825.4993,449.6373
FIFO (single-gate non-blocking),5.2942,12.9033,0.1251,5.4192,94.603,12744.0254,76.871,balanced_1,32,0.9968,97.2836,671.4403,190.2895
fanin_priority (single-gate non-blocking),2.4205,72.1034,0.1241,2.5446,94.4612,12811.5879,76.5954,balanced_1,32,0.9874,25.1909,905.7114,39.1742
DependencyAware (single-gate non-blocking),11.1145,90.903,0.1499,11.2644,114.5943,10456.5293,76.2918,balanced_1,32,1,82.412,516.4645,159.5644
SJF (single-gate non-blocking),4.0446,53.3265,0.1188,4.1634,90.2551,13290.7422,76.7173,balanced_1,32,0.9647,60.9456,2657.8655,135.2386
FIFO (batch non-blocking),3.1119,12.459,1.7254,4.8373,86.9284,13887.0625,62.013,balanced_1,32,0.9962,48.5389,243.6501,101.8414
fanin_priority (batch non-blocking),3.0281,14.6061,1.6625,4.6906,85.7433,14062.6064,62.5085,balanced_1,32,0.9954,31.2351,146.2316,75.9849
DependencyAware (batch non-blocking),4.0492,14.8456,2.074,6.1232,93.7069,12863.958,66.0236,balanced_1,32,0.9969,9.8409,93.8885,21.5477
SJF (batch non-blocking),3.0901,15.0167,1.7417,4.8319,86.1809,13963.3467,65.2924,balanced_1,32,0.9965,27.6051,165.7935,54.1083
level-level task execution,0.0432,0.0645,0.0235,0.0667,0.4928,2486592.25,68.2456,balanced_1,32,0.9988,3.2814,4.9256,6.7741
FIFO (batch blocking),0.0029,0.0053,0.0141,0.0169,0.0882,150014.0781,75.7098,c17,128,,,,
fanin_priority (batch blocking),0.0034,0.006,0.0144,0.0177,0.093,144242,74.5393,c17,128,,,,
DependencyAware (batch blocking),0.0042,0.0056,0.0141,0.0183,0.0914,142637.9062,72.4976,c17,128,,,,
SJF (batch blocking),0.0032,0.0059,0.0135,0.0167,0.0878,149534.3438,74.2972,c17,128,,,,
FIFO (single-gate non-blocking),0.0059,0.028,0.0141,0.0201,0.1033,128400.5625,88.2884,c17,128,,,,
fanin_priority (single-gate non-blocking),0.0062,0.0279,0.0132,0.0195,0.1053,123505.75,87.2566,c17,128,,,,
DependencyAware (single-gate non-blocking),0.0083,0.0393,0.0149,0.0232,0.109,120955.6719,87.226,c17,128,,,,
SJF (single-gate non-blocking),0.0068,0.0293,0.0139,0.0207,0.1102,119221.8281,87.6105,c17,128,,,,
FIFO (batch non-blocking),0.0016,0.0042,0.0157,0.0173,0.0926,140605.9688,76.7979,c17,128,,,,
fanin_priority (batch non-blocking),0.0018,0.0043,0.0156,0.0174,0.0971,135714.4062,76.565,c17,128,,,,
DependencyAware (batch non-blocking),0.0017,0.0042,0.0167,0.0184,0.1024,128347.9766,76.0316,c17,128,,,,
SJF (batch non-blocking),0.0018,0.0048,0.0155,0.0173,0.0954,136755.1719,76.1138,c17,128,,,,
level-level task execution,0.008,0.0117,0.0153,0.0233,0.0973,134351.2812,61.4998,c17,128,,,,
FIFO (batch blocking),2.1965,5.9694,0.0259,2.2225,36.9881,20903.957,1.7133,c3540,512,,,,
fanin_priority (batch blocking),2.2364,6.1486,0.027,2.2634,37.5497,20553.3945,1.7991,c3540,512,,,,
DependencyAware (batch blocking),2.6049,6.2164,0.024,2.629,40.8209,18868.1621,1.5127,c3540,512,,,,
SJF (batch blocking),2.1597,5.9193,0.0233,2.1831,36.2462,21215.3691,1.6772,c3540,512,,,,
FIFO (single-gate non-blocking),2.5231,7.6792,0.0844,2.6074,40.2993,19194.5664,77.5274,c3540,512,,,,
fanin_priority (single-gate non-blocking),0.8355,22.2889,0.084,0.9195,40.307,19277.5352,77.1984,c3540,512,,,,
DependencyAware (single-gate non-blocking),5.6149,43.9549,0.1069,5.7219,51.6673,14912.4922,76.9935,c3540,512,,,,
SJF (single-gate non-blocking),2.0647,21.6368,0.0837,2.1483,39.9671,19296.043,77.641,c3540,512,,,,
FIFO (batch non-blocking),2.0946,5.669,0.0293,2.1238,35.6379,21591.6367,2.0239,c3540,512,,,,
fanin_priority (batch non-blocking),2.1451,5.7965,0.0471,2.1922,36.1062,21301.6914,2.5312,c3540,512,,,,
DependencyAware (batch non-blocking),2.0281,5.5498,0.4372,2.4652,38.1608,19998.7168,11.9651,c3540,512,,,,
SJF (batch non-blocking),2.0481,5.5909,0.0421,2.0902,35.1712,21788.0469,2.4736,c3540,512,,,,
level-level task execution,0.0177,0.0348,0.0226,0.0403,0.2378,3506584.75,60.0938,c3540,512,,,,
FIFO (batch blocking),19.9617,51.856,0.0338,19.9955,316.8036,7576.7881,0.3076,imbalanced_5,128,0.9999,588.9683,1596.6581,1140.2668
fanin_priority (batch blocking),15.8169,120.5485,0.0348,15.8517,326.607,7367.3657,0.3389,imbalanced_5,128,0.9998,453.1046,3341.5664,817.9603
DependencyAware (batch blocking),34.8019,224.7174,0.0368,34.8387,400.264,6036.3057,0.2688,imbalanced_5,128,0.9999,931.3693,6841.7373,1644.3411
SJF (batch blocking),19.6992,197.1232,0.0353,19.7345,337.7448,7198.7334,0.3125,imbalanced_5,128,0.9997,550.938,5704.8447,1154.6038
FIFO (single-gate non-blocking),23.0774,44.7164,0.2283,23.3057,355.7065,6839.5898,76.0256,imbalanced_5,128,0.9999,364.8204,2461.2019,689.3919
fanin_priority (single-gate non-blocking),10.4167,337.6623,0.2354,10.652,367.1955,6667.7407,76.0358,imbalanced_5,128,0.9937,52.1411,5649.5879,66.8022
DependencyAware (single-gate non-blocking),52.7955,431.0228,0.3173,53.1128,497.0587,4917.0659,75.7701,imbalanced_5,128,1,193.0781,4779.1465,313.8948
SJF (single-gate non-blocking),16.6411,246.6909,0.2315,16.8727,361.5714,6749.4912,75.989,imbalanced_5,128,1,181.9536,12319.3232,348.6398
FIFO (batch non-blocking),16.1805,40.5997,4.9804,21.161,333.4814,7262.5063,43.1684,imbalanced_5,128,0.9999,233.259,562.0377,488.9678
fanin_priority (batch non-blocking),14.5114,40.0861,4.9598,19.4712,329.8181,7334.7803,43.1467,imbalanced_5,128,0.9999,105.9959,271.5752,236.3767
DependencyAware (batch non-blocking),18.7652,44.553,7.1935,25.9587,364.0661,6598.0415,49.6199,imbalanced_5,128,0.9999,12.7509,80.2911,26.7595
SJF (batch non-blocking),14.768,39.3592,4.7958,19.5638,320.514,7493.1641,43.0252,imbalanced_5,128,0.9999,113.2666,278.5105,223.5805
level-level task execution,0.0398,0.0601,0.0205,0.0603,0.4442,5424174.5,68.2448,imbalanced_5,128,0.9988,3.2848,5.0264,6.1976
FIFO (batch blocking),1.4822,5.4914,0.0296,1.5118,19.9796,28824.3438,1.9436,c2670,512,,,,
fanin_priority (batch blocking),1.4818,5.3552,0.0284,1.5102,20.0163,28849.416,1.8843,c2670,512,,,,
DependencyAware (batch blocking),2.4475,5.7172,0.0309,2.4783,25.0118,22925.5566,1.6176,c2670,512,,,,
SJF (batch blocking),1.5572,5.6224,0.0311,1.5884,21.2992,27135.5254,2.0318,c2670,512,,,,
FIFO (single-gate non-blocking),2.3177,6.734,0.0707,2.3884,24.1078,23988.1523,78.7926,c2670,512,,,,
fanin_priority (single-gate non-blocking),1.8855,23.3595,0.0715,1.957,24.5894,23512.3789,78.6395,c2670,512,,,,
DependencyAware (single-gate non-blocking),6.6233,30.9811,0.1094,6.7326,39.6113,15011.5596,76.4266,c2670,512,,,,
SJF (single-gate non-blocking),2.2187,15.1484,0.0752,2.2939,25.438,22901.5996,79.3452,c2670,512,,,,
FIFO (batch non-blocking),1.5251,5.4873,0.0417,1.5668,21.0071,27476.4258,2.622,c2670,512,,,,
fanin_priority (batch non-blocking),1.5948,6.082,0.1022,1.6969,21.7339,27027.875,3.8869,c2670,512,,,,
DependencyAware (batch non-blocking),1.4822,5.5122,0.9919,2.4741,24.834,23119.4727,21.0208,c2670,512,,,,
SJF (batch non-blocking),1.4878,5.5233,0.0649,1.5527,20.4706,28023.0059,3.2233,c2670,512,,,,
level-level task execution,0.0119,0.0166,0.021,0.0329,0.1962,2978542.5,60.5425,c2670,512,,,,
FIFO (batch blocking),0.0044,0.0076,0.0194,0.0238,0.1192,110535.8125,74.3012,c17,32,,,,
fanin_priority (batch blocking),0.0045,0.0083,0.0171,0.0216,0.1131,115244.1875,72.3034,c17,32,,,,
DependencyAware (batch blocking),0.0057,0.0078,0.017,0.0227,0.1161,112035.875,70.2645,c17,32,,,,
SJF (batch blocking),0.0048,0.0098,0.0173,0.0221,0.1172,111447.1719,71.1632,c17,32,,,,
FIFO (single-gate non-blocking),0.0097,0.0406,0.0192,0.0289,0.1491,87565.7188,85.818,c17,32,,,,
fanin_priority (single-gate non-blocking),0.0103,0.042,0.0191,0.0294,0.157,83162.1406,84.9201,c17,32,,,,
DependencyAware (single-gate non-blocking),0.0113,0.0508,0.0189,0.0302,0.1491,87358.2891,84.7582,c17,32,,,,
SJF (single-gate non-blocking),0.0097,0.0402,0.018,0.0278,0.1502,86703.1094,83.7483,c17,32,,,,
FIFO (batch non-blocking),0.0023,0.006,0.0202,0.0225,0.1241,104982.3516,73.8192,c17,32,,,,
fanin_priority (batch non-blocking),0.0024,0.0058,0.02,0.0224,0.1256,103905.3438,73.918,c17,32,,,,
DependencyAware (batch non-blocking),0.0024,0.0061,0.0236,0.026,0.1406,93802.1719,76.3939,c17,32,,,,
SJF (batch non-blocking),0.0024,0.0057,0.0198,0.0222,0.1262,103393.5,74.1211,c17,32,,,,
level-level task execution,0.0109,0.0164,0.0188,0.0298,0.1277,102512.8438,58.5557,c17,32,,,,
FIFO (batch blocking),0.1033,0.3893,0.0162,0.1194,2.2768,78250.2891,14.6626,c432,128,,,,
fanin_priority (batch blocking),0.1074,0.3893,0.0164,0.1238,2.3326,76383.8516,15.243,c432,128,,,,
DependencyAware (batch blocking),0.1488,0.4616,0.0168,0.1656,2.5977,68693.75,13.2109,c432,128,,,,
SJF (batch blocking),0.105,0.3848,0.0158,0.1208,2.2926,77547.0391,14.9184,c432,128,,,,
FIFO (single-gate non-blocking),0.1955,0.6035,0.03,0.2255,3.1065,57474.8242,80.099,c432,128,,,,
fanin_priority (single-gate non-blocking),0.1992,1.1128,0.0303,0.2295,3.112,57584.1484,80.2751,c432,128,,,,
DependencyAware (single-gate non-blocking),0.2712,0.9458,0.0347,0.306,3.6156,49773.4258,79.5464,c432,128,,,,
SJF (single-gate non-blocking),0.1902,0.9212,0.0296,0.2198,3.1198,57554.1875,79.363,c432,128,,,,
FIFO (batch non-blocking),0.1071,0.4329,0.0204,0.1275,2.3788,75625.9844,16.3537,c432,128,,,,
fanin_priority (batch non-blocking),0.1029,0.3981,0.0229,0.1259,2.3695,75463.9297,17.5146,c432,128,,,,
DependencyAware (batch non-blocking),0.1013,0.3897,0.0629,0.1642,2.6437,67557.2969,26.7104,c432,128,,,,
SJF (batch non-blocking),0.0996,0.3819,0.023,0.1226,2.3167,76875.3516,17.8818,c432,128,,,,
level-level task execution,0.01,0.0178,0.0161,0.0261,0.2055,867565.5,60.4254,c432,128,,,,
FIFO (batch blocking),8.5922,21.9674,0.0338,8.626,150.4146,10763.0586,0.5179,imbalanced_3,512,0.9987,253.7759,524.1981,540.3196
fanin_priority (batch blocking),8.6721,21.9362,0.0347,8.7067,151.2726,10697.708,0.5299,imbalanced_3,512,0.9987,252.7543,575.5668,536.6942
DependencyAware (batch blocking),10.421,23.9706,0.0405,10.4615,168.863,9583.2109,0.4835,imbalanced_3,512,0.9989,301.2538,641.3613,622.3017
SJF (batch blocking),8.6316,22.1847,0.0331,8.6647,149.9435,10792.375,0.5058,imbalanced_3,512,0.9987,261.0768,543.1099,555.4664
FIFO (single-gate non-blocking),9.8465,23.1159,0.1522,9.9988,158.1157,10284.3691,76.2515,imbalanced_3,512,0.9988,180.4014,1334.8645,345.0674
fanin_priority (single-gate non-blocking),6.6946,152.0309,0.1543,6.849,159.6379,10138.5938,76.4554,imbalanced_3,512,0.9954,54.3835,7729.6641,64.9417
DependencyAware (single-gate non-blocking),25.8882,177.1721,0.2114,26.0996,220.184,7351.6104,76.0294,imbalanced_3,512,1,136.075,1931.6052,234.6407
SJF (single-gate non-blocking),9.0981,113.3643,0.1536,9.2516,160.2996,10157.2812,76.1015,imbalanced_3,512,0.9999,109.1725,5212.665,223.7342
FIFO (batch non-blocking),8.4631,21.8946,0.0433,8.5064,149.5676,10813.3145,0.6159,imbalanced_3,512,0.9986,207.0476,398.2795,442.4175
fanin_priority (batch non-blocking),8.7122,22.829,0.086,8.7982,153.4274,10607.0986,0.9692,imbalanced_3,512,0.9986,112.5026,220.6548,241.2123
DependencyAware (batch non-blocking),8.75,22.4254,1.9665,10.7165,171.8117,9503.4443,11.8057,imbalanced_3,512,0.9989,13.1045,50.5313,28.1819
SJF (batch non-blocking),8.7221,22.4996,0.0897,8.8118,153.43,10591.5078,1.0077,imbalanced_3,512,0.9986,109.6132,220.5927,235.2572
level-level task execution,0.0416,0.0684,0.0258,0.0674,0.4491,3755282.5,70.8748,imbalanced_3,512,0.9973,3.0871,5.2563,6.2896
FIFO (batch blocking),2.2201,7.2944,0.0186,2.2387,34.7979,21947.8164,1.8805,c3540,32,,,,
fanin_priority (batch blocking),1.4818,11.2394,0.0172,1.4989,34.8111,21927.1816,1.9152,c3540,32,,,,
DependencyAware (batch blocking),3.7704,24.9972,0.0188,3.7892,42.5435,17981.8477,1.6178,c3540,32,,,,
SJF (batch blocking),2.0568,20.3806,0.0186,2.0754,35.0565,21801.8848,1.913,c3540,32,,,,
FIFO (single-gate non-blocking),2.37,7.1543,0.0793,2.4493,38.0539,20067.543,77.2946,c3540,32,,,,
fanin_priority (single-gate non-blocking),0.7975,21.015,0.0813,0.8787,38.839,19700.293,77.4421,c3540,32,,,,
DependencyAware (single-gate non-blocking),5.279,41.2099,0.1004,5.3795,48.5983,15706.1201,76.8887,c3540,32,,,,
SJF (single-gate non-blocking),1.9876,21.3301,0.081,2.0686,38.8501,19668.7188,77.3906,c3540,32,,,,
FIFO (batch non-blocking),1.4461,5.5186,0.6598,2.1058,34.2081,22324.2305,51.438,c3540,32,,,,
fanin_priority (batch non-blocking),1.469,5.6178,0.6692,2.1382,34.6229,22050.2754,51.34,c3540,32,,,,
DependencyAware (batch non-blocking),1.9802,6.028,0.905,2.8852,38.8863,19672.0586,56.2847,c3540,32,,,,
SJF (batch non-blocking),1.5,5.6513,0.6793,2.1793,34.5826,22068.3555,51.7482,c3540,32,,,,
level-level task execution,0.0117,0.02,0.02,0.0317,0.2063,3778120.75,60.8436,c3540,32,,,,
FIFO (batch blocking),2.5847,24.2878,0.0247,2.6094,166.1565,10522.873,0.9989,c6288,512,,,,
fanin_priority (batch blocking),2.651,25.0327,0.026,2.6769,172.6227,10158.8359,0.9799,c6288,512,,,,
DependencyAware (batch blocking),3.6195,24.9059,0.0251,3.6446,178.8072,9741.7285,0.9227,c6288,512,,,,
SJF (batch blocking),2.6546,25.1845,0.0264,2.681,172.0258,10189.2793,0.986,c6288,512,,,,
FIFO (single-gate non-blocking),4.1957,26.986,0.1594,4.355,180.2447,9718.9355,75.9027,c6288,512,,,,
fanin_priority (single-gate non-blocking),1.2367,156.4782,0.1617,1.3984,184.462,9467.7764,75.5556,c6288,512,,,,
DependencyAware (single-gate non-blocking),5.985,147.9277,0.1735,6.1585,195.3423,8965.6572,75.9159,c6288,512,,,,
SJF (single-gate non-blocking),3.6957,79.8848,0.1575,3.8532,180.8734,9744.208,75.3664,c6288,512,,,,
FIFO (batch non-blocking),2.6261,25.1621,0.0321,2.6582,171.4679,10213.8262,1.1195,c6288,512,,,,
fanin_priority (batch non-blocking),2.6219,24.8164,0.0517,2.6736,172.1739,10184.1074,1.4036,c6288,512,,,,
DependencyAware (batch non-blocking),2.6415,24.8758,1.0862,3.7277,183.4328,9549.9678,6.9395,c6288,512,,,,
SJF (batch non-blocking),2.7123,25.1974,0.0531,2.7655,178.1387,9842.9141,1.4822,c6288,512,,,,
level-level task execution,0.0116,0.0163,0.0184,0.03,0.2659,6700611.5,61.5098,c6288,512,,,,
FIFO (batch blocking),8.0357,15.4519,0.0212,8.0569,117.2232,12543.0381,0.8637,c7552,32,,,,
fanin_priority (batch blocking),5.7025,76.4798,0.0227,5.7253,119.5643,12307.0166,0.9463,c7552,32,,,,
DependencyAware (batch blocking),16.8474,120.6136,0.0234,16.8708,157.3054,9370.7188,0.679,c7552,32,,,,
SJF (batch blocking),6.6758,77.5777,0.021,6.6968,117.6261,12492.126,0.898,c7552,32,,,,
FIFO (single-gate non-blocking),8.9724,17.6097,0.1408,9.1132,131.236,11291.2529,76.7197,c7552,32,,,,
fanin_priority (single-gate non-blocking),5.1681,126.2909,0.1402,5.3082,131.2675,11279.9434,76.5698,c7552,32,,,,
DependencyAware (single-gate non-blocking),19.2096,154.1375,0.1881,19.3977,177.3013,8388.1055,76.1933,c7552,32,,,,
SJF (single-gate non-blocking),7.0838,100.5922,0.1357,7.2195,127.3712,11577.0605,76.4667,c7552,32,,,,
FIFO (batch non-blocking),5.5265,15.3708,2.5982,8.1247,117.5529,12495.3672,74.7368,c7552,32,,,,
fanin_priority (batch non-blocking),4.9471,21.2046,2.5526,7.4997,117.6596,12497.2988,68.3424,c7552,32,,,,
DependencyAware (batch non-blocking),8.2094,33.3553,3.5643,11.7738,137.0816,10755.7158,74.8647,c7552,32,,,,
SJF (batch non-blocking),5.1118,21.009,2.5448,7.6566,117.0861,12575.9688,72.6473,c7552,32,,,,
level-level task execution,0.0109,0.0188,0.018,0.0289,0.2006,7364670.5,60.8858,c7552,32,,,,
FIFO (batch blocking),18.7974,38.0595,0.038,18.8353,315.3141,7613.8125,0.2798,imbalanced_5,512,0.9999,483.1376,836.7623,978.0786
fanin_priority (batch blocking),19.4176,39.4915,0.0399,19.4575,325.1064,7393.686,0.2854,imbalanced_5,512,0.9999,477.719,840.0281,968.8391
DependencyAware (batch blocking),22.9772,44.056,0.0421,23.0192,367.0156,6577.8018,0.2598,imbalanced_5,512,0.9999,527.594,924.5806,1041.4081
SJF (batch blocking),20.1053,40.8631,0.0422,20.1475,335.2574,7261.0249,0.2732,imbalanced_5,512,0.9999,464.016,825.1263,942.1338
FIFO (single-gate non-blocking),23.3475,49.4162,0.2314,23.579,360.7644,6735.6226,76.0717,imbalanced_5,512,0.9999,359.3954,2618.9321,679.697
fanin_priority (single-gate non-blocking),10.3547,341.0567,0.2384,10.5931,371.2926,6562.3213,76.1401,imbalanced_5,512,0.9928,51.8144,5660.4229,66.3661
DependencyAware (single-gate non-blocking),53.791,441.6462,0.3253,54.1163,510.0914,4811.4893,75.6899,imbalanced_5,512,1,191.9607,4684.2759,311.8919
SJF (single-gate non-blocking),16.9896,254.3141,0.2366,17.2262,369.4428,6637.3579,76.0196,imbalanced_5,512,1,176.2778,11837.5352,340.4822
FIFO (batch non-blocking),20.6402,42.2026,0.059,20.6992,343.7142,7075.5601,0.3707,imbalanced_5,512,0.9999,351.4163,575.5927,715.3463
fanin_priority (batch non-blocking),20.2933,40.5607,0.1187,20.412,341.0085,7112.0796,0.6044,imbalanced_5,512,0.9999,179.0864,284.1332,367.6139
DependencyAware (batch non-blocking),19.9008,39.5403,3.5999,23.5007,372.0868,6502.5254,11.1716,imbalanced_5,512,0.9999,13.9838,80.713,29.3003
SJF (batch non-blocking),19.2297,39.0709,0.1131,19.3427,320.9379,7480.8374,0.5877,imbalanced_5,512,0.9999,180.2669,276.4159,370.3847
level-level task execution,0.0381,0.0562,0.0209,0.059,0.4293,5597686,70.0464,imbalanced_5,512,0.9987,3.2077,4.7723,6.0373
FIFO (batch blocking),1.7642,5.0419,0.018,1.7822,28.8489,25410.8262,1.879,imbalanced_2,32,0.9961,100.5849,305.9575,172.431
fanin_priority (batch blocking),1.6321,12.7034,0.0178,1.6499,28.9986,25282.166,1.9571,imbalanced_2,32,0.9987,93.291,769.4907,143.558
DependencyAware (batch blocking),2.6457,9.3905,0.0213,2.667,35.7653,20559.2148,1.7377,imbalanced_2,32,0.9972,132.4746,515.75,220.3857
SJF (batch blocking),1.7565,10.322,0.0194,1.7759,29.6259,24775.5547,1.8867,imbalanced_2,32,0.9979,95.8614,582.5693,171.1583
FIFO (single-gate non-blocking),2.1003,6.2108,0.0721,2.1724,32.7061,22455.3965,77.9372,imbalanced_2,32,0.9972,52.1225,364.1249,87.0821
fanin_priority (single-gate non-blocking),1.4952,26.5016,0.0737,1.5688,33.5578,21889.8633,77.839,imbalanced_2,32,0.9894,21.214,342.5278,27.532
DependencyAware (single-gate non-blocking),4.2818,28.8105,0.0956,4.3773,44.2165,16730.0762,77.1677,imbalanced_2,32,1,50.5828,484.144,76.9364
SJF (single-gate non-blocking),1.653,12.2544,0.0757,1.7287,34.5427,21400.6992,77.8016,imbalanced_2,32,0.9718,34.8401,567.2394,56.8709
FIFO (batch non-blocking),1.2478,5.0817,0.6167,1.8645,30.0705,24588.4062,52.9485,imbalanced_2,32,0.9969,36.8509,134.1642,71.7309
fanin_priority (batch non-blocking),1.223,5.5272,0.7061,1.9291,29.9708,24579.793,49.5697,imbalanced_2,32,0.9972,24.873,98.1967,51.9024
DependencyAware (batch non-blocking),1.5482,6.7789,0.9009,2.4491,33.1683,22111.5234,59.3666,imbalanced_2,32,0.9973,9.2979,67.9778,19.044
SJF (batch non-blocking),1.1467,5.1063,0.6735,1.8202,29.1294,25166.457,49.3629,imbalanced_2,32,0.997,22.9891,99.8884,43.4188
level-level task execution,0.0326,0.0596,0.0248,0.0574,0.4113,1790436.375,68.1737,imbalanced_2,32,0.9949,2.7878,5.3403,5.1791
FIFO (batch blocking),0.3258,1.1605,0.0253,0.3511,4.5999,54333.875,8.1624,c499,32,,,,
fanin_priority (batch blocking),0.3168,1.1625,0.0256,0.3424,4.7056,53088.9141,8.6766,c499,32,,,,
DependencyAware (batch blocking),0.4516,1.3327,0.0268,0.4784,5.4407,45822.6328,7.778,c499,32,,,,
SJF (batch blocking),0.3203,1.0668,0.025,0.3453,4.6379,54026.5117,8.8813,c499,32,,,,
FIFO (single-gate non-blocking),0.5161,1.0184,0.0447,0.5609,6.2749,39775.3242,82.1361,c499,32,,,,
fanin_priority (single-gate non-blocking),0.3901,2.7176,0.0435,0.4336,6.1673,40518.9805,81.7382,c499,32,,,,
DependencyAware (single-gate non-blocking),0.7094,1.5794,0.0546,0.764,7.7709,32083.1152,81.0867,c499,32,,,,
SJF (single-gate non-blocking),0.3339,2.3964,0.045,0.3789,6.3681,39128.3438,81.8963,c499,32,,,,
FIFO (batch non-blocking),0.2974,0.7039,0.0661,0.3636,4.5374,55189.207,31.9907,c499,32,,,,
fanin_priority (batch non-blocking),0.2864,0.7006,0.0742,0.3606,4.5622,54619.9609,33.2104,c499,32,,,,
DependencyAware (batch non-blocking),0.3136,0.6518,0.174,0.4876,5.3636,46594.6133,43.2484,c499,32,,,,
SJF (batch non-blocking),0.2886,0.7166,0.0736,0.3622,4.6077,54089.1055,33.0538,c499,32,,,,
level-level task execution,0.0146,0.0241,0.0218,0.0364,0.2502,1004515.313,58.1617,c499,32,,,,
FIFO (batch blocking),2.0719,5.5727,0.0225,2.0944,34.7306,21991.1699,1.6704,c3540,128,,,,
fanin_priority (batch blocking),2.1144,5.8096,0.0228,2.1371,35.2821,21739.2852,1.6276,c3540,128,,,,
DependencyAware (batch blocking),2.4536,5.9565,0.0211,2.4747,38.1585,20001.3945,1.4214,c3540,128,,,,
SJF (batch blocking),2.074,5.6602,0.0225,2.0965,35.3184,21681.5977,1.6767,c3540,128,,,,
FIFO (single-gate non-blocking),2.3506,6.9112,0.08,2.4306,38.3142,19946.5938,77.2502,c3540,128,,,,
fanin_priority (single-gate non-blocking),0.7914,21.2681,0.0802,0.8716,38.2771,19955.0586,77.4882,c3540,128,,,,
DependencyAware (single-gate non-blocking),5.2917,41.7475,0.1018,5.3934,49.2057,15515.9082,76.979,c3540,128,,,,
SJF (single-gate non-blocking),2.0316,21.4745,0.0817,2.1133,39.1838,19548.1582,77.4849,c3540,128,,,,
FIFO (batch non-blocking),2.0185,5.533,0.0268,2.0453,34.0952,22382.8223,1.8683,c3540,128,,,,
fanin_priority (batch non-blocking),2.054,5.5902,0.0422,2.0962,34.9627,21869.2109,2.4235,c3540,128,,,,
DependencyAware (batch non-blocking),2.0626,5.668,0.4527,2.5153,38.5409,19845.0215,12.169,c3540,128,,,,
SJF (batch non-blocking),2.0509,5.6591,0.0418,2.0927,34.8179,21940.8594,2.4398,c3540,128,,,,
level-level task execution,0.013,0.0219,0.0228,0.0358,0.2237,3711301.5,62.4949,c3540,128,,,,
FIFO (batch blocking),0.3024,0.638,0.0223,0.3247,4.1359,62047.3516,7.3516,c499,128,,,,
fanin_priority (batch blocking),0.3105,0.6208,0.0218,0.3323,4.1093,61616.0391,7.3146,c499,128,,,,
DependencyAware (batch blocking),0.4272,0.8666,0.0222,0.4495,4.9749,51640.6055,6.1627,c499,128,,,,
SJF (batch blocking),0.3113,0.6391,0.0215,0.3329,4.112,61769.1445,7.199,c499,128,,,,
FIFO (single-gate non-blocking),0.4581,0.9177,0.0393,0.4974,5.5405,46071.625,81.7066,c499,128,,,,
fanin_priority (single-gate non-blocking),0.3718,2.5205,0.0395,0.4113,5.7555,44918.5508,80.2238,c499,128,,,,
DependencyAware (single-gate non-blocking),0.6505,1.4166,0.0494,0.6999,7.1161,35828.7695,80.8371,c499,128,,,,
SJF (single-gate non-blocking),0.3184,2.3966,0.0431,0.3615,6.1077,41916.6211,82.2097,c499,128,,,,
FIFO (batch non-blocking),0.3041,0.6293,0.0408,0.3449,4.3154,59254.6172,10.6142,c499,128,,,,
fanin_priority (batch non-blocking),0.3176,0.7802,0.0372,0.3548,4.535,56763.1641,9.9293,c499,128,,,,
DependencyAware (batch non-blocking),0.3103,0.6606,0.1467,0.4571,5.1497,49339.2266,24.0525,c499,128,,,,
SJF (batch non-blocking),0.3071,0.6313,0.036,0.3432,4.2564,59548.4297,10.138,c499,128,,,,
level-level task execution,0.0122,0.0148,0.0195,0.0317,0.2213,1150468.375,60.6244,c499,128,,,,
FIFO (batch blocking),6.6672,12.7539,0.0309,6.6981,84.5802,14591.0127,0.6588,c5315,512,,,,
fanin_priority (batch blocking),6.6156,12.4969,0.0304,6.6461,84.783,14484.292,0.6584,c5315,512,,,,
DependencyAware (batch blocking),8.2505,15.3701,0.0334,8.2839,99.1417,12398.1729,0.629,c5315,512,,,,
SJF (batch blocking),6.9122,13.1794,0.0334,6.9455,88.5159,13963.4863,0.6895,c5315,512,,,,
FIFO (single-gate non-blocking),7.7819,15.4542,0.1254,7.9074,96.9476,12762.7559,76.9919,c5315,512,,,,
fanin_priority (single-gate non-blocking),3.5913,78.0865,0.1238,3.7151,95.9038,12894.1426,76.8754,c5315,512,,,,
DependencyAware (single-gate non-blocking),19.8247,102.6386,0.1773,20.0021,139.115,8892.2393,76.3611,c5315,512,,,,
SJF (single-gate non-blocking),5.9505,61.0519,0.1224,6.0729,95.23,13008.2646,76.7614,c5315,512,,,,
FIFO (batch non-blocking),6.8386,13.119,0.0434,6.882,87.4833,14171.5967,0.8122,c5315,512,,,,
fanin_priority (batch non-blocking),6.7571,12.6975,0.0813,6.8384,87.4457,14113.1621,1.2741,c5315,512,,,,
DependencyAware (batch non-blocking),6.781,12.8607,1.7668,8.5478,101.07,12205.7021,14.6089,c5315,512,,,,
SJF (batch non-blocking),6.7591,12.7302,0.0833,6.8423,86.6271,14210.1719,1.2828,c5315,512,,,,
level-level task execution,0.0105,0.0118,0.0179,0.0285,0.2447,5048476.5,62.6758,c5315,512,,,,
FIFO (batch blocking),0.3555,0.8045,0.0337,0.3892,4.8576,52316.9648,8.7601,c1355,128,,,,
fanin_priority (batch blocking),0.3481,0.7042,0.0292,0.3772,4.8059,52693.5391,8.4937,c1355,128,,,,
DependencyAware (batch blocking),0.4733,1.1463,0.0303,0.5037,5.9014,43491.5234,7.4691,c1355,128,,,,
SJF (batch blocking),0.3675,0.8318,0.0304,0.3979,5.1311,49601.6797,8.9083,c1355,128,,,,
FIFO (single-gate non-blocking),0.5286,1.2404,0.0501,0.5787,7.0051,36793.6719,83.2543,c1355,128,,,,
fanin_priority (single-gate non-blocking),0.3726,2.633,0.0446,0.4173,6.3378,40412.9648,82.4401,c1355,128,,,,
DependencyAware (single-gate non-blocking),0.6917,1.5889,0.0543,0.746,7.9247,31983.8906,80.8083,c1355,128,,,,
SJF (single-gate non-blocking),0.433,2.5521,0.0479,0.4809,6.7344,37637.6914,82.4339,c1355,128,,,,
FIFO (batch non-blocking),0.3335,0.6947,0.0322,0.3657,4.7334,53511.043,9.0767,c1355,128,,,,
fanin_priority (batch non-blocking),0.3378,0.7425,0.0404,0.3781,4.9441,52391.4961,10.5151,c1355,128,,,,
DependencyAware (batch non-blocking),0.3674,0.9414,0.1535,0.5209,5.8842,43442.3438,23.3677,c1355,128,,,,
SJF (batch non-blocking),0.338,0.7037,0.0415,0.3795,4.874,51981.9805,10.5891,c1355,128,,,,
level-level task execution,0.017,0.0251,0.0217,0.0387,0.2556,996040.875,57.9472,c1355,128,,,,
FIFO (batch blocking),10.8762,24.463,0.0222,10.8984,172.4122,10251.9512,0.7241,imbalanced_4,32,0.8855,540.0228,1302.3636,961.5236
fanin_priority (batch blocking),7.7265,156.9012,0.0231,7.7497,175.2857,10130.2754,0.7725,imbalanced_4,32,0.9907,361.8352,7447.4062,482.3105
DependencyAware (batch blocking),22.7871,164.1868,0.0255,22.8125,233.1281,7605.6851,0.6096,imbalanced_4,32,0.9995,986.8055,8516.5488,1504.3541
SJF (batch blocking),9.7434,136.4311,0.0242,9.7676,176.9428,10029.7275,0.7997,imbalanced_4,32,0.8877,433.3235,6564.2368,937.8101
FIFO (single-gate non-blocking),11.9054,25.2283,0.1638,12.0692,184.5353,9649.7832,76.3887,imbalanced_4,32,0.8905,209.2071,1408.2942,376.2814
fanin_priority (single-gate non-blocking),6.5586,130.0223,0.1617,6.7202,182.7241,9700.0049,76.2874,imbalanced_4,32,0.9153,52.287,7425.7749,60.8888
DependencyAware (single-gate non-blocking),24.1744,203.8221,0.2141,24.3885,243.7218,7246.7266,75.9324,imbalanced_4,32,0.9997,127.8949,2376.4668,185.6292
SJF (single-gate non-blocking),9.887,155.4533,0.1678,10.0548,189.7367,9417.0596,76.3504,imbalanced_4,32,0.9425,122.3415,6321.6899,231.9557
FIFO (batch non-blocking),7.9768,25.4785,3.45,11.4269,178.6095,9945.4785,73.0425,imbalanced_4,32,0.8893,72.0427,386.2653,134.9395
fanin_priority (batch non-blocking),7.1019,53.063,3.4677,10.5696,182.5987,9883.8936,71.414,imbalanced_4,32,0.9454,32.591,217.6526,73.7486
DependencyAware (batch non-blocking),13.2773,87.8495,4.832,18.1093,210.6249,8515.0996,76.1733,imbalanced_4,32,0.9734,8.322,62.7033,16.1329
SJF (batch non-blocking),7.3616,77.2806,3.2846,10.6462,169.7892,10404.7871,67.9837,imbalanced_4,32,0.9056,32.3246,230.9001,53.3889
level-level task execution,0.0419,0.0539,0.0183,0.0603,0.3765,4699614,68.1803,imbalanced_4,32,0.9666,3.4752,4.5968,6.2869
FIFO (batch blocking),8.6432,24.8773,0.0308,8.674,151.847,10698.0449,0.5155,imbalanced_3,128,0.9988,278.2835,834.9128,569.4031
fanin_priority (batch blocking),9.0093,37.0435,0.0309,9.0402,153.7856,10573.1895,0.5171,imbalanced_3,128,0.9989,287.6641,1168.6145,557.9238
DependencyAware (batch blocking),12.9627,42.2946,0.0322,12.9948,176.9433,9195.8857,0.4706,imbalanced_3,128,0.999,390.4041,1262.2231,755.9166
SJF (batch blocking),9.5899,49.1959,0.0339,9.6238,156.0098,10439.6973,0.5374,imbalanced_3,128,0.9993,281.611,1421.4738,586.933
FIFO (single-gate non-blocking),10.2483,24.2007,0.1597,10.408,165.0583,9876.2402,76.4232,imbalanced_3,128,0.9988,178.8056,1344.6404,341.8296
fanin_priority (single-gate non-blocking),6.8222,156.5213,0.1583,6.9805,164.0298,9920.3164,76.3663,imbalanced_3,128,0.9955,53.6294,6640.9805,64.0012
DependencyAware (single-gate non-blocking),26.7777,183.8642,0.2175,26.9952,226.3787,7228.3799,76.0256,imbalanced_3,128,1,138.7001,2147.0767,237.0395
SJF (single-gate non-blocking),9.2713,116.2512,0.1594,9.4307,164.7001,9911.1113,76.4038,imbalanced_3,128,0.9999,106.2641,5050.8647,218.3073
FIFO (batch non-blocking),7.9224,22.9997,1.5213,9.4436,155.9646,10527.9971,32.4319,imbalanced_3,128,0.9987,172.6309,453.6752,370.9241
fanin_priority (batch non-blocking),7.9907,23.0523,1.5132,9.5039,156.2569,10395.2051,32.5564,imbalanced_3,128,0.9987,97.03,214.8688,211.291
DependencyAware (batch non-blocking),8.9076,23.3612,2.971,11.8786,176.0077,9298.8809,40.1251,imbalanced_3,128,0.999,12.8724,51.8354,27.6401
SJF (batch non-blocking),7.8679,23.9203,1.5339,9.4017,153.9525,10541.502,32.6072,imbalanced_3,128,0.9987,97.1975,220.4398,205.464
level-level task execution,0.0379,0.0565,0.0243,0.0622,0.423,3869881.5,69.7739,imbalanced_3,128,0.9967,2.9631,4.6151,6.0083
